id,firstname,lastname,email,email2,profession
100,Aryn,Devlen,Aryn.Devlen@yopmail.com,Aryn.Devlen@gmail.com,developer
101,Tybie,Vacuva,Tybie.Vacuva@yopmail.com,Tybie.Vacuva@gmail.com,worker
102,Sophia,Raul,Sophia.Raul@yopmail.com,Sophia.Raul@gmail.com,worker
103,Dode,Desai,Dode.Desai@yopmail.com,Dode.Desai@gmail.com,firefighter
104,Livvyy,Bonucci,Livvyy.Bonucci@yopmail.com,Livvyy.Bonucci@gmail.com,developer
105,Carmencita,Adlare,Carmencita.Adlare@yopmail.com,Carmencita.Adlare@gmail.com,firefighter
106,Lucy,Ball,Lucy.Ball@yopmail.com,Lucy.Ball@gmail.com,doctor
107,Hettie,Ardeha,Hettie.Ardeha@yopmail.com,Hettie.Ardeha@gmail.com,worker
108,Frances,An,Frances.An@yopmail.com,Frances.An@gmail.com,worker
109,Caritta,Tacye,Caritta.Tacye@yopmail.com,Caritta.Tacye@gmail.com,developer
110,Collen,Rooney,Collen.Rooney@yopmail.com,Collen.Rooney@gmail.com,firefighter
111,Odessa,Madox,Odessa.Madox@yopmail.com,Odessa.Madox@gmail.com,firefighter
112,Aigneis,Marlie,Aigneis.Marlie@yopmail.com,Aigneis.Marlie@gmail.com,doctor
113,Dari,Bultman,Dari.Bultman@yopmail.com,Dari.Bultman@gmail.com,police officer
114,Fawne,Saint,Fawne.Saint@yopmail.com,Fawne.Saint@gmail.com,worker
115,Tersina,Destinee,Tersina.Destinee@yopmail.com,Tersina.Destinee@gmail.com,doctor
116,Mahalia,Goldina,Mahalia.Goldina@yopmail.com,Mahalia.Goldina@gmail.com,worker
117,Zaria,Maiah,Zaria.Maiah@yopmail.com,Zaria.Maiah@gmail.com,worker
118,Lorie,Eachern,Lorie.Eachern@yopmail.com,Lorie.Eachern@gmail.com,worker
119,Kaja,Monk,Kaja.Monk@yopmail.com,Kaja.Monk@gmail.com,developer
120,Fidelia,Yam,Fidelia.Yam@yopmail.com,Fidelia.Yam@gmail.com,firefighter
121,Dorice,Forrer,Dorice.Forrer@yopmail.com,Dorice.Forrer@gmail.com,doctor
122,Emylee,Pascia,Emylee.Pascia@yopmail.com,Emylee.Pascia@gmail.com,firefighter
123,Tera,Seessel,Tera.Seessel@yopmail.com,Tera.Seessel@gmail.com,developer
124,Emilia,Peg,Emilia.Peg@yopmail.com,Emilia.Peg@gmail.com,developer
125,Myrtice,Dahlia,Myrtice.Dahlia@yopmail.com,Myrtice.Dahlia@gmail.com,developer
126,Jaime,Lorenz,Jaime.Lorenz@yopmail.com,Jaime.Lorenz@gmail.com,police officer
127,Maye,Lauraine,Maye.Lauraine@yopmail.com,Maye.Lauraine@gmail.com,developer
128,Bobbi,Kalinda,Bobbi.Kalinda@yopmail.com,Bobbi.Kalinda@gmail.com,firefighter
129,Winny,Tengdin,Winny.Tengdin@yopmail.com,Winny.Tengdin@gmail.com,police officer
130,Silvana,Jefferey,Silvana.Jefferey@yopmail.com,Silvana.Jefferey@gmail.com,worker
131,Bertine,Kesley,Bertine.Kesley@yopmail.com,Bertine.Kesley@gmail.com,doctor
132,Ermengarde,Nicoline,Ermengarde.Nicoline@yopmail.com,Ermengarde.Nicoline@gmail.com,developer
133,Kate,Lane,Kate.Lane@yopmail.com,Kate.Lane@gmail.com,police officer
134,Madalyn,Fiester,Madalyn.Fiester@yopmail.com,Madalyn.Fiester@gmail.com,developer
135,Codie,Durware,Codie.Durware@yopmail.com,Codie.Durware@gmail.com,doctor
136,Ketti,Barbey,Ketti.Barbey@yopmail.com,Ketti.Barbey@gmail.com,developer
137,Paule,Munn,Paule.Munn@yopmail.com,Paule.Munn@gmail.com,firefighter
138,Orelia,Munn,Orelia.Munn@yopmail.com,Orelia.Munn@gmail.com,doctor
139,Jillayne,Sparhawk,Jillayne.Sparhawk@yopmail.com,Jillayne.Sparhawk@gmail.com,police officer
140,Lyssa,Warthman,Lyssa.Warthman@yopmail.com,Lyssa.Warthman@gmail.com,firefighter
141,Sissy,Bultman,Sissy.Bultman@yopmail.com,Sissy.Bultman@gmail.com,developer
142,Chloris,Alfons,Chloris.Alfons@yopmail.com,Chloris.Alfons@gmail.com,worker
143,Cyb,Yerkovich,Cyb.Yerkovich@yopmail.com,Cyb.Yerkovich@gmail.com,firefighter
144,Ulrike,Caitlin,Ulrike.Caitlin@yopmail.com,Ulrike.Caitlin@gmail.com,doctor
145,Leeanne,Dulciana,Leeanne.Dulciana@yopmail.com,Leeanne.Dulciana@gmail.com,developer
146,Aubrie,Goode,Aubrie.Goode@yopmail.com,Aubrie.Goode@gmail.com,police officer
147,Aimil,Pandolfi,Aimil.Pandolfi@yopmail.com,Aimil.Pandolfi@gmail.com,police officer
148,Nananne,Klotz,Nananne.Klotz@yopmail.com,Nananne.Klotz@gmail.com,developer
149,Tatiania,Chaing,Tatiania.Chaing@yopmail.com,Tatiania.Chaing@gmail.com,developer
150,Sindee,Middleton,Sindee.Middleton@yopmail.com,Sindee.Middleton@gmail.com,worker
151,Drucie,Koziara,Drucie.Koziara@yopmail.com,Drucie.Koziara@gmail.com,worker
152,Fanny,Gaspard,Fanny.Gaspard@yopmail.com,Fanny.Gaspard@gmail.com,police officer
153,Florie,Remmer,Florie.Remmer@yopmail.com,Florie.Remmer@gmail.com,doctor
154,Berget,Rooney,Berget.Rooney@yopmail.com,Berget.Rooney@gmail.com,worker
155,Almeta,Liebermann,Almeta.Liebermann@yopmail.com,Almeta.Liebermann@gmail.com,doctor
156,Arlena,Guthrie,Arlena.Guthrie@yopmail.com,Arlena.Guthrie@gmail.com,firefighter
157,Ilse,Abernon,Ilse.Abernon@yopmail.com,Ilse.Abernon@gmail.com,worker
158,Daune,Rodmann,Daune.Rodmann@yopmail.com,Daune.Rodmann@gmail.com,police officer
159,Sissy,Schalles,Sissy.Schalles@yopmail.com,Sissy.Schalles@gmail.com,doctor
160,Gaylene,Astra,Gaylene.Astra@yopmail.com,Gaylene.Astra@gmail.com,police officer
161,Romona,Goode,Romona.Goode@yopmail.com,Romona.Goode@gmail.com,doctor
162,Myrtice,Gualtiero,Myrtice.Gualtiero@yopmail.com,Myrtice.Gualtiero@gmail.com,doctor
163,Dania,Diogenes,Dania.Diogenes@yopmail.com,Dania.Diogenes@gmail.com,worker
164,Millie,Barbey,Millie.Barbey@yopmail.com,Millie.Barbey@gmail.com,developer
165,Ginnie,Ehrman,Ginnie.Ehrman@yopmail.com,Ginnie.Ehrman@gmail.com,police officer
166,Josephine,Fennessy,Josephine.Fennessy@yopmail.com,Josephine.Fennessy@gmail.com,developer
167,Deloria,Arquit,Deloria.Arquit@yopmail.com,Deloria.Arquit@gmail.com,doctor
168,Kirbee,Persse,Kirbee.Persse@yopmail.com,Kirbee.Persse@gmail.com,doctor
169,Merry,Creamer,Merry.Creamer@yopmail.com,Merry.Creamer@gmail.com,police officer
170,Dolli,Carri,Dolli.Carri@yopmail.com,Dolli.Carri@gmail.com,worker
171,Cyb,Hessler,Cyb.Hessler@yopmail.com,Cyb.Hessler@gmail.com,developer
172,Dulce,Clie,Dulce.Clie@yopmail.com,Dulce.Clie@gmail.com,police officer
173,Layla,Lowry,Layla.Lowry@yopmail.com,Layla.Lowry@gmail.com,worker
174,Dorthy,Michella,Dorthy.Michella@yopmail.com,Dorthy.Michella@gmail.com,doctor
175,Shauna,Durante,Shauna.Durante@yopmail.com,Shauna.Durante@gmail.com,firefighter
176,Olivette,Gherardo,Olivette.Gherardo@yopmail.com,Olivette.Gherardo@gmail.com,developer
177,Rhoda,Kunin,Rhoda.Kunin@yopmail.com,Rhoda.Kunin@gmail.com,doctor
178,Rosene,Ferrell,Rosene.Ferrell@yopmail.com,Rosene.Ferrell@gmail.com,developer
179,Rivalee,Parsaye,Rivalee.Parsaye@yopmail.com,Rivalee.Parsaye@gmail.com,developer
180,Talya,Sholley,Talya.Sholley@yopmail.com,Talya.Sholley@gmail.com,doctor
181,Adele,Crudden,Adele.Crudden@yopmail.com,Adele.Crudden@gmail.com,police officer
182,Daphne,Fleeta,Daphne.Fleeta@yopmail.com,Daphne.Fleeta@gmail.com,worker
183,Phedra,Hamil,Phedra.Hamil@yopmail.com,Phedra.Hamil@gmail.com,firefighter
184,Isa,Dosia,Isa.Dosia@yopmail.com,Isa.Dosia@gmail.com,doctor
185,Dode,Casimir,Dode.Casimir@yopmail.com,Dode.Casimir@gmail.com,firefighter
186,Kathy,Delila,Kathy.Delila@yopmail.com,Kathy.Delila@gmail.com,firefighter
187,Talya,Constancy,Talya.Constancy@yopmail.com,Talya.Constancy@gmail.com,police officer
188,Reeba,Corrine,Reeba.Corrine@yopmail.com,Reeba.Corrine@gmail.com,doctor
189,Olivette,Ajay,Olivette.Ajay@yopmail.com,Olivette.Ajay@gmail.com,doctor
190,Kellen,Garek,Kellen.Garek@yopmail.com,Kellen.Garek@gmail.com,worker
191,Kimmy,Dermott,Kimmy.Dermott@yopmail.com,Kimmy.Dermott@gmail.com,developer
192,Dulce,Curren,Dulce.Curren@yopmail.com,Dulce.Curren@gmail.com,police officer
193,Neila,Fiann,Neila.Fiann@yopmail.com,Neila.Fiann@gmail.com,doctor
194,Olwen,Therine,Olwen.Therine@yopmail.com,Olwen.Therine@gmail.com,worker
195,Rori,Lynn,Rori.Lynn@yopmail.com,Rori.Lynn@gmail.com,doctor
196,Agathe,McClimans,Agathe.McClimans@yopmail.com,Agathe.McClimans@gmail.com,doctor
197,Laurene,Yusuk,Laurene.Yusuk@yopmail.com,Laurene.Yusuk@gmail.com,firefighter
198,Fanny,Chesna,Fanny.Chesna@yopmail.com,Fanny.Chesna@gmail.com,worker
199,Gabriellia,Haerr,Gabriellia.Haerr@yopmail.com,Gabriellia.Haerr@gmail.com,worker
200,Iseabal,Lalitta,Iseabal.Lalitta@yopmail.com,Iseabal.Lalitta@gmail.com,worker
201,Mariann,Yoko,Mariann.Yoko@yopmail.com,Mariann.Yoko@gmail.com,doctor
202,Harrietta,Cherianne,Harrietta.Cherianne@yopmail.com,Harrietta.Cherianne@gmail.com,worker
203,Elise,Valoniah,Elise.Valoniah@yopmail.com,Elise.Valoniah@gmail.com,doctor
204,Meghann,Germann,Meghann.Germann@yopmail.com,Meghann.Germann@gmail.com,police officer
205,Julieta,Giule,Julieta.Giule@yopmail.com,Julieta.Giule@gmail.com,developer
206,Linzy,Tayib,Linzy.Tayib@yopmail.com,Linzy.Tayib@gmail.com,police officer
207,Tierney,Cleo,Tierney.Cleo@yopmail.com,Tierney.Cleo@gmail.com,firefighter
208,Elbertina,Kathie,Elbertina.Kathie@yopmail.com,Elbertina.Kathie@gmail.com,police officer
209,Lynea,Lacombe,Lynea.Lacombe@yopmail.com,Lynea.Lacombe@gmail.com,developer
210,Renie,Khorma,Renie.Khorma@yopmail.com,Renie.Khorma@gmail.com,developer
211,Hayley,Goldina,Hayley.Goldina@yopmail.com,Hayley.Goldina@gmail.com,firefighter
212,Michaelina,Jena,Michaelina.Jena@yopmail.com,Michaelina.Jena@gmail.com,worker
213,Millie,Dom,Millie.Dom@yopmail.com,Millie.Dom@gmail.com,developer
214,Jemie,Slifka,Jemie.Slifka@yopmail.com,Jemie.Slifka@gmail.com,police officer
215,Deloria,Christal,Deloria.Christal@yopmail.com,Deloria.Christal@gmail.com,worker
216,Elvira,Hertzfeld,Elvira.Hertzfeld@yopmail.com,Elvira.Hertzfeld@gmail.com,doctor
217,Mahalia,Ventre,Mahalia.Ventre@yopmail.com,Mahalia.Ventre@gmail.com,police officer
218,Harrietta,Parette,Harrietta.Parette@yopmail.com,Harrietta.Parette@gmail.com,firefighter
219,Justinn,Mozelle,Justinn.Mozelle@yopmail.com,Justinn.Mozelle@gmail.com,worker
220,Myriam,Dyche,Myriam.Dyche@yopmail.com,Myriam.Dyche@gmail.com,police officer
221,Kittie,Douglass,Kittie.Douglass@yopmail.com,Kittie.Douglass@gmail.com,developer
222,Aaren,Tayib,Aaren.Tayib@yopmail.com,Aaren.Tayib@gmail.com,firefighter
223,Kathi,Maribeth,Kathi.Maribeth@yopmail.com,Kathi.Maribeth@gmail.com,firefighter
224,Anallese,Jaylene,Anallese.Jaylene@yopmail.com,Anallese.Jaylene@gmail.com,doctor
225,Doralynne,Thunell,Doralynne.Thunell@yopmail.com,Doralynne.Thunell@gmail.com,developer
226,Dode,Maiah,Dode.Maiah@yopmail.com,Dode.Maiah@gmail.com,firefighter
227,Charmaine,Lowry,Charmaine.Lowry@yopmail.com,Charmaine.Lowry@gmail.com,worker
228,Arabel,Rona,Arabel.Rona@yopmail.com,Arabel.Rona@gmail.com,police officer
229,Kimberley,Jammal,Kimberley.Jammal@yopmail.com,Kimberley.Jammal@gmail.com,worker
230,Cristine,O'Carroll,Cristine.O'Carroll@yopmail.com,Cristine.O'Carroll@gmail.com,police officer
231,Letizia,Pearse,Letizia.Pearse@yopmail.com,Letizia.Pearse@gmail.com,firefighter
232,Vivia,Billye,Vivia.Billye@yopmail.com,Vivia.Billye@gmail.com,developer
233,Nanete,Miru,Nanete.Miru@yopmail.com,Nanete.Miru@gmail.com,firefighter
234,Cristabel,Edvard,Cristabel.Edvard@yopmail.com,Cristabel.Edvard@gmail.com,firefighter
235,Teddie,Glenden,Teddie.Glenden@yopmail.com,Teddie.Glenden@gmail.com,worker
236,Jsandye,Tryck,Jsandye.Tryck@yopmail.com,Jsandye.Tryck@gmail.com,police officer
237,Marjie,Mauer,Marjie.Mauer@yopmail.com,Marjie.Mauer@gmail.com,firefighter
238,Jeanna,Granoff,Jeanna.Granoff@yopmail.com,Jeanna.Granoff@gmail.com,doctor
239,Adore,Gregrory,Adore.Gregrory@yopmail.com,Adore.Gregrory@gmail.com,firefighter
240,Alyda,Lissi,Alyda.Lissi@yopmail.com,Alyda.Lissi@gmail.com,police officer
241,Helsa,Barney,Helsa.Barney@yopmail.com,Helsa.Barney@gmail.com,police officer
242,Cristabel,Cordi,Cristabel.Cordi@yopmail.com,Cristabel.Cordi@gmail.com,doctor
243,Averyl,Shuler,Averyl.Shuler@yopmail.com,Averyl.Shuler@gmail.com,worker
244,Marcelline,Dash,Marcelline.Dash@yopmail.com,Marcelline.Dash@gmail.com,firefighter
245,Daune,Daegal,Daune.Daegal@yopmail.com,Daune.Daegal@gmail.com,police officer
246,Jobi,Junie,Jobi.Junie@yopmail.com,Jobi.Junie@gmail.com,developer
247,Marylou,Aurelio,Marylou.Aurelio@yopmail.com,Marylou.Aurelio@gmail.com,doctor
248,Debee,Helfand,Debee.Helfand@yopmail.com,Debee.Helfand@gmail.com,developer
249,Mamie,Klotz,Mamie.Klotz@yopmail.com,Mamie.Klotz@gmail.com,firefighter
250,Roseline,Bethany,Roseline.Bethany@yopmail.com,Roseline.Bethany@gmail.com,firefighter
251,Charissa,Meli,Charissa.Meli@yopmail.com,Charissa.Meli@gmail.com,police officer
252,Netty,Evvie,Netty.Evvie@yopmail.com,Netty.Evvie@gmail.com,doctor
253,Hallie,Zaslow,Hallie.Zaslow@yopmail.com,Hallie.Zaslow@gmail.com,police officer
254,Gavrielle,Rosette,Gavrielle.Rosette@yopmail.com,Gavrielle.Rosette@gmail.com,police officer
255,Oona,Horan,Oona.Horan@yopmail.com,Oona.Horan@gmail.com,developer
256,Consuela,Ailyn,Consuela.Ailyn@yopmail.com,Consuela.Ailyn@gmail.com,firefighter
257,Regina,Roche,Regina.Roche@yopmail.com,Regina.Roche@gmail.com,doctor
258,Zia,Kalinda,Zia.Kalinda@yopmail.com,Zia.Kalinda@gmail.com,worker
259,Teddie,Travax,Teddie.Travax@yopmail.com,Teddie.Travax@gmail.com,worker
260,Carilyn,Rocray,Carilyn.Rocray@yopmail.com,Carilyn.Rocray@gmail.com,developer
261,Minda,Gladstone,Minda.Gladstone@yopmail.com,Minda.Gladstone@gmail.com,firefighter
262,Katleen,Noam,Katleen.Noam@yopmail.com,Katleen.Noam@gmail.com,firefighter
263,Donetta,Trace,Donetta.Trace@yopmail.com,Donetta.Trace@gmail.com,firefighter
264,Raina,Hartnett,Raina.Hartnett@yopmail.com,Raina.Hartnett@gmail.com,police officer
265,Collen,Rosemary,Collen.Rosemary@yopmail.com,Collen.Rosemary@gmail.com,developer
266,Dania,Ludewig,Dania.Ludewig@yopmail.com,Dania.Ludewig@gmail.com,firefighter
267,Christian,Abernon,Christian.Abernon@yopmail.com,Christian.Abernon@gmail.com,worker
268,Clo,Buffum,Clo.Buffum@yopmail.com,Clo.Buffum@gmail.com,developer
269,Ariela,Rudolph,Ariela.Rudolph@yopmail.com,Ariela.Rudolph@gmail.com,doctor
270,Tami,Salvidor,Tami.Salvidor@yopmail.com,Tami.Salvidor@gmail.com,police officer
271,Eve,Nadia,Eve.Nadia@yopmail.com,Eve.Nadia@gmail.com,worker
272,Adore,Gaal,Adore.Gaal@yopmail.com,Adore.Gaal@gmail.com,worker
273,Yvonne,Aldric,Yvonne.Aldric@yopmail.com,Yvonne.Aldric@gmail.com,developer
274,Joelly,Michella,Joelly.Michella@yopmail.com,Joelly.Michella@gmail.com,doctor
275,Elsie,Cadmar,Elsie.Cadmar@yopmail.com,Elsie.Cadmar@gmail.com,police officer
276,Libbie,Bartlett,Libbie.Bartlett@yopmail.com,Libbie.Bartlett@gmail.com,doctor
277,Anestassia,O'Rourke,Anestassia.O'Rourke@yopmail.com,Anestassia.O'Rourke@gmail.com,police officer
278,Ira,Delacourt,Ira.Delacourt@yopmail.com,Ira.Delacourt@gmail.com,doctor
279,Siana,Teddman,Siana.Teddman@yopmail.com,Siana.Teddman@gmail.com,developer
280,Dede,Lea,Dede.Lea@yopmail.com,Dede.Lea@gmail.com,doctor
281,Talya,Winthorpe,Talya.Winthorpe@yopmail.com,Talya.Winthorpe@gmail.com,police officer
282,Annabela,Gerge,Annabela.Gerge@yopmail.com,Annabela.Gerge@gmail.com,firefighter
283,Donetta,Cleavland,Donetta.Cleavland@yopmail.com,Donetta.Cleavland@gmail.com,firefighter
284,Tierney,Weide,Tierney.Weide@yopmail.com,Tierney.Weide@gmail.com,firefighter
285,Tersina,Roscoe,Tersina.Roscoe@yopmail.com,Tersina.Roscoe@gmail.com,developer
286,Meg,Egbert,Meg.Egbert@yopmail.com,Meg.Egbert@gmail.com,developer
287,Mellicent,Berne,Mellicent.Berne@yopmail.com,Mellicent.Berne@gmail.com,police officer
288,Wynne,Lubin,Wynne.Lubin@yopmail.com,Wynne.Lubin@gmail.com,worker
289,Lenna,LaRue,Lenna.LaRue@yopmail.com,Lenna.LaRue@gmail.com,firefighter
290,Linet,Orpah,Linet.Orpah@yopmail.com,Linet.Orpah@gmail.com,worker
291,Cristine,Brodench,Cristine.Brodench@yopmail.com,Cristine.Brodench@gmail.com,police officer
292,Elsie,Edison,Elsie.Edison@yopmail.com,Elsie.Edison@gmail.com,doctor
293,Orsola,Ries,Orsola.Ries@yopmail.com,Orsola.Ries@gmail.com,doctor
294,Lusa,Nadia,Lusa.Nadia@yopmail.com,Lusa.Nadia@gmail.com,firefighter
295,Tomasina,Suzetta,Tomasina.Suzetta@yopmail.com,Tomasina.Suzetta@gmail.com,doctor
296,Latisha,Harriman,Latisha.Harriman@yopmail.com,Latisha.Harriman@gmail.com,doctor
297,Henriette,Shama,Henriette.Shama@yopmail.com,Henriette.Shama@gmail.com,worker
298,Willetta,Longfellow,Willetta.Longfellow@yopmail.com,Willetta.Longfellow@gmail.com,worker
299,Norine,Lindemann,Norine.Lindemann@yopmail.com,Norine.Lindemann@gmail.com,worker
300,Jerry,Quent,Jerry.Quent@yopmail.com,Jerry.Quent@gmail.com,worker
301,Cathyleen,Salchunas,Cathyleen.Salchunas@yopmail.com,Cathyleen.Salchunas@gmail.com,developer
302,Tracey,Soneson,Tracey.Soneson@yopmail.com,Tracey.Soneson@gmail.com,firefighter
303,Rosene,Autrey,Rosene.Autrey@yopmail.com,Rosene.Autrey@gmail.com,worker
304,Candi,Talia,Candi.Talia@yopmail.com,Candi.Talia@gmail.com,firefighter
305,Larine,Belanger,Larine.Belanger@yopmail.com,Larine.Belanger@gmail.com,firefighter
306,Quintina,Pip,Quintina.Pip@yopmail.com,Quintina.Pip@gmail.com,doctor
307,Tabbatha,Allina,Tabbatha.Allina@yopmail.com,Tabbatha.Allina@gmail.com,police officer
308,Ekaterina,Wilona,Ekaterina.Wilona@yopmail.com,Ekaterina.Wilona@gmail.com,firefighter
309,Ada,Bury,Ada.Bury@yopmail.com,Ada.Bury@gmail.com,developer
310,Antonietta,Hoban,Antonietta.Hoban@yopmail.com,Antonietta.Hoban@gmail.com,police officer
311,Raf,Francene,Raf.Francene@yopmail.com,Raf.Francene@gmail.com,police officer
312,Joelly,Hewitt,Joelly.Hewitt@yopmail.com,Joelly.Hewitt@gmail.com,worker
313,Babita,Ingra,Babita.Ingra@yopmail.com,Babita.Ingra@gmail.com,police officer
314,Ingrid,Emmaline,Ingrid.Emmaline@yopmail.com,Ingrid.Emmaline@gmail.com,police officer
315,Tamqrah,Casimir,Tamqrah.Casimir@yopmail.com,Tamqrah.Casimir@gmail.com,police officer
316,Vita,Giule,Vita.Giule@yopmail.com,Vita.Giule@gmail.com,developer
317,Gwenneth,Talia,Gwenneth.Talia@yopmail.com,Gwenneth.Talia@gmail.com,firefighter
318,Jessy,Jacqui,Jessy.Jacqui@yopmail.com,Jessy.Jacqui@gmail.com,police officer
319,Cristabel,Cordi,Cristabel.Cordi@yopmail.com,Cristabel.Cordi@gmail.com,police officer
320,Dorice,Dreda,Dorice.Dreda@yopmail.com,Dorice.Dreda@gmail.com,firefighter
321,Dari,O'Neill,Dari.O'Neill@yopmail.com,Dari.O'Neill@gmail.com,police officer
322,Vita,Hourigan,Vita.Hourigan@yopmail.com,Vita.Hourigan@gmail.com,police officer
323,Margalo,Casimir,Margalo.Casimir@yopmail.com,Margalo.Casimir@gmail.com,developer
324,Julieta,Toor,Julieta.Toor@yopmail.com,Julieta.Toor@gmail.com,worker
325,Gwenneth,Atonsah,Gwenneth.Atonsah@yopmail.com,Gwenneth.Atonsah@gmail.com,firefighter
326,Bill,Emmaline,Bill.Emmaline@yopmail.com,Bill.Emmaline@gmail.com,firefighter
327,Candy,Fredi,Candy.Fredi@yopmail.com,Candy.Fredi@gmail.com,developer
328,Asia,Lemuela,Asia.Lemuela@yopmail.com,Asia.Lemuela@gmail.com,firefighter
329,Gratia,Sadowski,Gratia.Sadowski@yopmail.com,Gratia.Sadowski@gmail.com,firefighter
330,Berget,Vorster,Berget.Vorster@yopmail.com,Berget.Vorster@gmail.com,police officer
331,Max,Cynar,Max.Cynar@yopmail.com,Max.Cynar@gmail.com,worker
332,Nollie,Eachern,Nollie.Eachern@yopmail.com,Nollie.Eachern@gmail.com,police officer
333,Leeanne,O'Neill,Leeanne.O'Neill@yopmail.com,Leeanne.O'Neill@gmail.com,developer
334,Valera,Hillel,Valera.Hillel@yopmail.com,Valera.Hillel@gmail.com,worker
335,Imojean,Ardra,Imojean.Ardra@yopmail.com,Imojean.Ardra@gmail.com,developer
336,Ellette,Garlinda,Ellette.Garlinda@yopmail.com,Ellette.Garlinda@gmail.com,doctor
337,Ivett,Amasa,Ivett.Amasa@yopmail.com,Ivett.Amasa@gmail.com,firefighter
338,Molli,Jalbert,Molli.Jalbert@yopmail.com,Molli.Jalbert@gmail.com,police officer
339,Marjie,Ammann,Marjie.Ammann@yopmail.com,Marjie.Ammann@gmail.com,worker
340,Evaleen,Bandeen,Evaleen.Bandeen@yopmail.com,Evaleen.Bandeen@gmail.com,firefighter
341,Rosanne,Raffo,Rosanne.Raffo@yopmail.com,Rosanne.Raffo@gmail.com,police officer
342,Sallie,Bettine,Sallie.Bettine@yopmail.com,Sallie.Bettine@gmail.com,developer
343,Asia,Tippets,Asia.Tippets@yopmail.com,Asia.Tippets@gmail.com,developer
344,Madalyn,Adamsen,Madalyn.Adamsen@yopmail.com,Madalyn.Adamsen@gmail.com,developer
345,Fawne,Konyn,Fawne.Konyn@yopmail.com,Fawne.Konyn@gmail.com,worker
346,Randa,Maiah,Randa.Maiah@yopmail.com,Randa.Maiah@gmail.com,worker
347,Beverley,Kannry,Beverley.Kannry@yopmail.com,Beverley.Kannry@gmail.com,doctor
348,Cristine,Atonsah,Cristine.Atonsah@yopmail.com,Cristine.Atonsah@gmail.com,developer
349,Bobbi,Bigner,Bobbi.Bigner@yopmail.com,Bobbi.Bigner@gmail.com,firefighter
350,Charlena,Bearnard,Charlena.Bearnard@yopmail.com,Charlena.Bearnard@gmail.com,worker
351,Althea,Marsden,Althea.Marsden@yopmail.com,Althea.Marsden@gmail.com,police officer
352,Susan,Candy,Susan.Candy@yopmail.com,Susan.Candy@gmail.com,police officer
353,Larine,Strephon,Larine.Strephon@yopmail.com,Larine.Strephon@gmail.com,developer
354,Verla,Honoria,Verla.Honoria@yopmail.com,Verla.Honoria@gmail.com,doctor
355,Annaliese,Rosette,Annaliese.Rosette@yopmail.com,Annaliese.Rosette@gmail.com,doctor
356,Ivett,Rheingold,Ivett.Rheingold@yopmail.com,Ivett.Rheingold@gmail.com,worker
357,Therine,Pozzy,Therine.Pozzy@yopmail.com,Therine.Pozzy@gmail.com,worker
358,Marjie,Chick,Marjie.Chick@yopmail.com,Marjie.Chick@gmail.com,worker
359,Sybille,Bonilla,Sybille.Bonilla@yopmail.com,Sybille.Bonilla@gmail.com,developer
360,Sonni,Zrike,Sonni.Zrike@yopmail.com,Sonni.Zrike@gmail.com,police officer
361,Kathi,Cristi,Kathi.Cristi@yopmail.com,Kathi.Cristi@gmail.com,worker
362,Aryn,Fancie,Aryn.Fancie@yopmail.com,Aryn.Fancie@gmail.com,police officer
363,Roslyn,Slifka,Roslyn.Slifka@yopmail.com,Roslyn.Slifka@gmail.com,doctor
364,Clary,Newell,Clary.Newell@yopmail.com,Clary.Newell@gmail.com,firefighter
365,Hannis,Holtz,Hannis.Holtz@yopmail.com,Hannis.Holtz@gmail.com,police officer
366,Magdalena,Nahum,Magdalena.Nahum@yopmail.com,Magdalena.Nahum@gmail.com,developer
367,Zia,Loleta,Zia.Loleta@yopmail.com,Zia.Loleta@gmail.com,police officer
368,Agnese,Magdalen,Agnese.Magdalen@yopmail.com,Agnese.Magdalen@gmail.com,doctor
369,Tami,Truc,Tami.Truc@yopmail.com,Tami.Truc@gmail.com,worker
370,Flo,Schalles,Flo.Schalles@yopmail.com,Flo.Schalles@gmail.com,worker
371,Caritta,Gombach,Caritta.Gombach@yopmail.com,Caritta.Gombach@gmail.com,firefighter
372,Lisette,Dowski,Lisette.Dowski@yopmail.com,Lisette.Dowski@gmail.com,developer
373,Blinni,Yoko,Blinni.Yoko@yopmail.com,Blinni.Yoko@gmail.com,worker
374,Jany,Constancy,Jany.Constancy@yopmail.com,Jany.Constancy@gmail.com,developer
375,Fawne,Ranjiv,Fawne.Ranjiv@yopmail.com,Fawne.Ranjiv@gmail.com,developer
376,Bernie,Gahl,Bernie.Gahl@yopmail.com,Bernie.Gahl@gmail.com,firefighter
377,Sidoney,Graig,Sidoney.Graig@yopmail.com,Sidoney.Graig@gmail.com,doctor
378,Loree,Niccolo,Loree.Niccolo@yopmail.com,Loree.Niccolo@gmail.com,worker
379,Diena,Oscar,Diena.Oscar@yopmail.com,Diena.Oscar@gmail.com,police officer
380,Rosabelle,Garlinda,Rosabelle.Garlinda@yopmail.com,Rosabelle.Garlinda@gmail.com,doctor
381,Gui,Engdahl,Gui.Engdahl@yopmail.com,Gui.Engdahl@gmail.com,police officer
382,Orsola,Tayib,Orsola.Tayib@yopmail.com,Orsola.Tayib@gmail.com,police officer
383,Vonny,Reinke,Vonny.Reinke@yopmail.com,Vonny.Reinke@gmail.com,doctor
384,Ann-Marie,Lilybelle,Ann-Marie.Lilybelle@yopmail.com,Ann-Marie.Lilybelle@gmail.com,firefighter
385,Ileana,Mayeda,Ileana.Mayeda@yopmail.com,Ileana.Mayeda@gmail.com,worker
386,Kristina,Merriott,Kristina.Merriott@yopmail.com,Kristina.Merriott@gmail.com,doctor
387,Elise,Papageno,Elise.Papageno@yopmail.com,Elise.Papageno@gmail.com,firefighter
388,Rosabelle,Juliet,Rosabelle.Juliet@yopmail.com,Rosabelle.Juliet@gmail.com,developer
389,Candi,Tengdin,Candi.Tengdin@yopmail.com,Candi.Tengdin@gmail.com,doctor
390,Janis,Sawtelle,Janis.Sawtelle@yopmail.com,Janis.Sawtelle@gmail.com,police officer
391,Adore,Nance,Adore.Nance@yopmail.com,Adore.Nance@gmail.com,firefighter
392,Marnia,Fitzsimmons,Marnia.Fitzsimmons@yopmail.com,Marnia.Fitzsimmons@gmail.com,doctor
393,Dorothy,Atonsah,Dorothy.Atonsah@yopmail.com,Dorothy.Atonsah@gmail.com,worker
394,Zaria,Frendel,Zaria.Frendel@yopmail.com,Zaria.Frendel@gmail.com,police officer
395,Jolyn,Arquit,Jolyn.Arquit@yopmail.com,Jolyn.Arquit@gmail.com,police officer
396,Rochette,Fadiman,Rochette.Fadiman@yopmail.com,Rochette.Fadiman@gmail.com,police officer
397,Cathyleen,Delacourt,Cathyleen.Delacourt@yopmail.com,Cathyleen.Delacourt@gmail.com,worker
398,Lolita,Oscar,Lolita.Oscar@yopmail.com,Lolita.Oscar@gmail.com,firefighter
399,Margarette,Roche,Margarette.Roche@yopmail.com,Margarette.Roche@gmail.com,doctor
400,Catharine,Vastah,Catharine.Vastah@yopmail.com,Catharine.Vastah@gmail.com,developer
401,Adelle,Schwejda,Adelle.Schwejda@yopmail.com,Adelle.Schwejda@gmail.com,worker
402,Jessy,Fennessy,Jessy.Fennessy@yopmail.com,Jessy.Fennessy@gmail.com,worker
403,Joleen,Cottle,Joleen.Cottle@yopmail.com,Joleen.Cottle@gmail.com,worker
404,Nananne,Ax,Nananne.Ax@yopmail.com,Nananne.Ax@gmail.com,firefighter
405,Etta,Bendick,Etta.Bendick@yopmail.com,Etta.Bendick@gmail.com,doctor
406,Viviene,Hollingsworth,Viviene.Hollingsworth@yopmail.com,Viviene.Hollingsworth@gmail.com,worker
407,Shirlee,Daegal,Shirlee.Daegal@yopmail.com,Shirlee.Daegal@gmail.com,developer
408,Allis,Wind,Allis.Wind@yopmail.com,Allis.Wind@gmail.com,developer
409,Sindee,Michella,Sindee.Michella@yopmail.com,Sindee.Michella@gmail.com,worker
410,Christal,Clarissa,Christal.Clarissa@yopmail.com,Christal.Clarissa@gmail.com,doctor
411,Dulce,Ax,Dulce.Ax@yopmail.com,Dulce.Ax@gmail.com,developer
412,Sidoney,Nerita,Sidoney.Nerita@yopmail.com,Sidoney.Nerita@gmail.com,firefighter
413,Lily,Rosette,Lily.Rosette@yopmail.com,Lily.Rosette@gmail.com,police officer
414,Yetty,Suk,Yetty.Suk@yopmail.com,Yetty.Suk@gmail.com,worker
415,Edee,Caitlin,Edee.Caitlin@yopmail.com,Edee.Caitlin@gmail.com,police officer
416,Blake,Lynn,Blake.Lynn@yopmail.com,Blake.Lynn@gmail.com,police officer
417,Beth,Adore,Beth.Adore@yopmail.com,Beth.Adore@gmail.com,police officer
418,Kellen,Hanshaw,Kellen.Hanshaw@yopmail.com,Kellen.Hanshaw@gmail.com,worker
419,Veda,Han,Veda.Han@yopmail.com,Veda.Han@gmail.com,doctor
420,Oona,Saunderson,Oona.Saunderson@yopmail.com,Oona.Saunderson@gmail.com,worker
421,Florencia,Kosey,Florencia.Kosey@yopmail.com,Florencia.Kosey@gmail.com,developer
422,Basia,Teddman,Basia.Teddman@yopmail.com,Basia.Teddman@gmail.com,worker
423,Korrie,Milde,Korrie.Milde@yopmail.com,Korrie.Milde@gmail.com,police officer
424,Cassandra,Zachary,Cassandra.Zachary@yopmail.com,Cassandra.Zachary@gmail.com,worker
425,Melodie,Pitt,Melodie.Pitt@yopmail.com,Melodie.Pitt@gmail.com,police officer
426,Robinia,Hylan,Robinia.Hylan@yopmail.com,Robinia.Hylan@gmail.com,police officer
427,Karina,Honoria,Karina.Honoria@yopmail.com,Karina.Honoria@gmail.com,developer
428,Cristine,Dermott,Cristine.Dermott@yopmail.com,Cristine.Dermott@gmail.com,developer
429,Melodie,Shuler,Melodie.Shuler@yopmail.com,Melodie.Shuler@gmail.com,firefighter
430,Lorie,Madox,Lorie.Madox@yopmail.com,Lorie.Madox@gmail.com,firefighter
431,Raina,Sallyann,Raina.Sallyann@yopmail.com,Raina.Sallyann@gmail.com,worker
432,Aigneis,Khorma,Aigneis.Khorma@yopmail.com,Aigneis.Khorma@gmail.com,firefighter
433,Krystle,Blake,Krystle.Blake@yopmail.com,Krystle.Blake@gmail.com,doctor
434,Elie,Rocray,Elie.Rocray@yopmail.com,Elie.Rocray@gmail.com,developer
435,Caressa,Weinreb,Caressa.Weinreb@yopmail.com,Caressa.Weinreb@gmail.com,firefighter
436,Carree,Cavan,Carree.Cavan@yopmail.com,Carree.Cavan@gmail.com,worker
437,Ursulina,Adalbert,Ursulina.Adalbert@yopmail.com,Ursulina.Adalbert@gmail.com,firefighter
438,Jaime,Pauly,Jaime.Pauly@yopmail.com,Jaime.Pauly@gmail.com,doctor
439,Annabela,Thunell,Annabela.Thunell@yopmail.com,Annabela.Thunell@gmail.com,developer
440,Marguerite,Franza,Marguerite.Franza@yopmail.com,Marguerite.Franza@gmail.com,police officer
441,Maud,Shama,Maud.Shama@yopmail.com,Maud.Shama@gmail.com,firefighter
442,Heddie,Old,Heddie.Old@yopmail.com,Heddie.Old@gmail.com,firefighter
443,Nikki,Simmonds,Nikki.Simmonds@yopmail.com,Nikki.Simmonds@gmail.com,worker
444,Sean,Maroney,Sean.Maroney@yopmail.com,Sean.Maroney@gmail.com,worker
445,Steffane,Malina,Steffane.Malina@yopmail.com,Steffane.Malina@gmail.com,firefighter
446,Joeann,Blake,Joeann.Blake@yopmail.com,Joeann.Blake@gmail.com,doctor
447,Hannis,Sancho,Hannis.Sancho@yopmail.com,Hannis.Sancho@gmail.com,firefighter
448,Joleen,Palocz,Joleen.Palocz@yopmail.com,Joleen.Palocz@gmail.com,doctor
449,Angela,Kevon,Angela.Kevon@yopmail.com,Angela.Kevon@gmail.com,developer
450,Althea,Simmonds,Althea.Simmonds@yopmail.com,Althea.Simmonds@gmail.com,worker
451,Mellicent,Burnside,Mellicent.Burnside@yopmail.com,Mellicent.Burnside@gmail.com,doctor
452,Alia,Winnick,Alia.Winnick@yopmail.com,Alia.Winnick@gmail.com,police officer
453,Olwen,Sisile,Olwen.Sisile@yopmail.com,Olwen.Sisile@gmail.com,police officer
454,Yvonne,Carleen,Yvonne.Carleen@yopmail.com,Yvonne.Carleen@gmail.com,doctor
455,Merle,Rooney,Merle.Rooney@yopmail.com,Merle.Rooney@gmail.com,developer
456,Celene,Adalbert,Celene.Adalbert@yopmail.com,Celene.Adalbert@gmail.com,police officer
457,Ilse,Susannah,Ilse.Susannah@yopmail.com,Ilse.Susannah@gmail.com,developer
458,Jessamyn,Anderea,Jessamyn.Anderea@yopmail.com,Jessamyn.Anderea@gmail.com,worker
459,Aubrie,Lytton,Aubrie.Lytton@yopmail.com,Aubrie.Lytton@gmail.com,police officer
460,Merci,Tillford,Merci.Tillford@yopmail.com,Merci.Tillford@gmail.com,doctor
461,Ronna,Grayce,Ronna.Grayce@yopmail.com,Ronna.Grayce@gmail.com,firefighter
462,Lenna,Ventre,Lenna.Ventre@yopmail.com,Lenna.Ventre@gmail.com,developer
463,Concettina,Glenden,Concettina.Glenden@yopmail.com,Concettina.Glenden@gmail.com,doctor
464,Gale,Lay,Gale.Lay@yopmail.com,Gale.Lay@gmail.com,developer
465,Mellicent,Kenney,Mellicent.Kenney@yopmail.com,Mellicent.Kenney@gmail.com,worker
466,Tabbatha,Fillbert,Tabbatha.Fillbert@yopmail.com,Tabbatha.Fillbert@gmail.com,developer
467,Ebonee,Colp,Ebonee.Colp@yopmail.com,Ebonee.Colp@gmail.com,firefighter
468,Carmela,Jotham,Carmela.Jotham@yopmail.com,Carmela.Jotham@gmail.com,worker
469,Vita,Hieronymus,Vita.Hieronymus@yopmail.com,Vita.Hieronymus@gmail.com,developer
470,Dulce,Viddah,Dulce.Viddah@yopmail.com,Dulce.Viddah@gmail.com,doctor
471,Bernie,Bennie,Bernie.Bennie@yopmail.com,Bernie.Bennie@gmail.com,firefighter
472,Hannis,Saree,Hannis.Saree@yopmail.com,Hannis.Saree@gmail.com,police officer
473,Robbi,Cutlerr,Robbi.Cutlerr@yopmail.com,Robbi.Cutlerr@gmail.com,developer
474,Marguerite,Chem,Marguerite.Chem@yopmail.com,Marguerite.Chem@gmail.com,police officer
475,Christian,Joeann,Christian.Joeann@yopmail.com,Christian.Joeann@gmail.com,police officer
476,Frances,Liebermann,Frances.Liebermann@yopmail.com,Frances.Liebermann@gmail.com,doctor
477,Lusa,Egbert,Lusa.Egbert@yopmail.com,Lusa.Egbert@gmail.com,developer
478,Karolina,Fennessy,Karolina.Fennessy@yopmail.com,Karolina.Fennessy@gmail.com,firefighter
479,Doralynne,Philipp,Doralynne.Philipp@yopmail.com,Doralynne.Philipp@gmail.com,worker
480,Sue,Jobi,Sue.Jobi@yopmail.com,Sue.Jobi@gmail.com,doctor
481,Marcelline,Wind,Marcelline.Wind@yopmail.com,Marcelline.Wind@gmail.com,developer
482,Tybie,Roche,Tybie.Roche@yopmail.com,Tybie.Roche@gmail.com,police officer
483,Cecile,Niles,Cecile.Niles@yopmail.com,Cecile.Niles@gmail.com,worker
484,Trudie,Cleavland,Trudie.Cleavland@yopmail.com,Trudie.Cleavland@gmail.com,firefighter
485,Orelia,Dunkin,Orelia.Dunkin@yopmail.com,Orelia.Dunkin@gmail.com,doctor
486,Vere,Cath,Vere.Cath@yopmail.com,Vere.Cath@gmail.com,developer
487,Kittie,Revkah,Kittie.Revkah@yopmail.com,Kittie.Revkah@gmail.com,developer
488,Kara-Lynn,Sherrie,Kara-Lynn.Sherrie@yopmail.com,Kara-Lynn.Sherrie@gmail.com,developer
489,Delilah,Norrie,Delilah.Norrie@yopmail.com,Delilah.Norrie@gmail.com,police officer
490,Daphne,Travax,Daphne.Travax@yopmail.com,Daphne.Travax@gmail.com,doctor
491,Jany,Santoro,Jany.Santoro@yopmail.com,Jany.Santoro@gmail.com,developer
492,Monika,Deny,Monika.Deny@yopmail.com,Monika.Deny@gmail.com,doctor
493,Emylee,Shields,Emylee.Shields@yopmail.com,Emylee.Shields@gmail.com,firefighter
494,Wynne,Ummersen,Wynne.Ummersen@yopmail.com,Wynne.Ummersen@gmail.com,developer
495,Nikki,Morrill,Nikki.Morrill@yopmail.com,Nikki.Morrill@gmail.com,police officer
496,Nariko,Greenwald,Nariko.Greenwald@yopmail.com,Nariko.Greenwald@gmail.com,developer
497,Althea,Amasa,Althea.Amasa@yopmail.com,Althea.Amasa@gmail.com,doctor
498,Claresta,Rudolph,Claresta.Rudolph@yopmail.com,Claresta.Rudolph@gmail.com,firefighter
499,Mireielle,Norvol,Mireielle.Norvol@yopmail.com,Mireielle.Norvol@gmail.com,developer
500,Karina,Dosia,Karina.Dosia@yopmail.com,Karina.Dosia@gmail.com,worker
501,Abbie,Johnsson,Abbie.Johnsson@yopmail.com,Abbie.Johnsson@gmail.com,worker
502,Babita,Anastatius,Babita.Anastatius@yopmail.com,Babita.Anastatius@gmail.com,developer
503,Aaren,Wiener,Aaren.Wiener@yopmail.com,Aaren.Wiener@gmail.com,police officer
504,Roberta,Bartlett,Roberta.Bartlett@yopmail.com,Roberta.Bartlett@gmail.com,developer
505,Ivett,Wildermuth,Ivett.Wildermuth@yopmail.com,Ivett.Wildermuth@gmail.com,developer
506,Leona,Therine,Leona.Therine@yopmail.com,Leona.Therine@gmail.com,developer
507,Kalina,Libna,Kalina.Libna@yopmail.com,Kalina.Libna@gmail.com,developer
508,Almeta,Bendick,Almeta.Bendick@yopmail.com,Almeta.Bendick@gmail.com,doctor
509,Evaleen,Othilia,Evaleen.Othilia@yopmail.com,Evaleen.Othilia@gmail.com,police officer
510,Netty,Syd,Netty.Syd@yopmail.com,Netty.Syd@gmail.com,developer
511,Philis,Hanshaw,Philis.Hanshaw@yopmail.com,Philis.Hanshaw@gmail.com,developer
512,Sonni,Chesna,Sonni.Chesna@yopmail.com,Sonni.Chesna@gmail.com,firefighter
513,Jany,Edee,Jany.Edee@yopmail.com,Jany.Edee@gmail.com,developer
514,Mamie,Lymann,Mamie.Lymann@yopmail.com,Mamie.Lymann@gmail.com,developer
515,Charlena,Pitt,Charlena.Pitt@yopmail.com,Charlena.Pitt@gmail.com,doctor
516,Caritta,Riordan,Caritta.Riordan@yopmail.com,Caritta.Riordan@gmail.com,doctor
517,Ivett,Lilybelle,Ivett.Lilybelle@yopmail.com,Ivett.Lilybelle@gmail.com,firefighter
518,Marita,Trey,Marita.Trey@yopmail.com,Marita.Trey@gmail.com,worker
519,Elbertina,Camden,Elbertina.Camden@yopmail.com,Elbertina.Camden@gmail.com,developer
520,Marti,Docilla,Marti.Docilla@yopmail.com,Marti.Docilla@gmail.com,firefighter
521,Cristabel,Faro,Cristabel.Faro@yopmail.com,Cristabel.Faro@gmail.com,firefighter
522,Sindee,Joachim,Sindee.Joachim@yopmail.com,Sindee.Joachim@gmail.com,doctor
523,Leia,Rosette,Leia.Rosette@yopmail.com,Leia.Rosette@gmail.com,police officer
524,Imojean,Penelopa,Imojean.Penelopa@yopmail.com,Imojean.Penelopa@gmail.com,firefighter
525,Gilligan,Graig,Gilligan.Graig@yopmail.com,Gilligan.Graig@gmail.com,doctor
526,Anthia,Zina,Anthia.Zina@yopmail.com,Anthia.Zina@gmail.com,worker
527,Hildegaard,Kenwood,Hildegaard.Kenwood@yopmail.com,Hildegaard.Kenwood@gmail.com,worker
528,Daune,Ashely,Daune.Ashely@yopmail.com,Daune.Ashely@gmail.com,worker
529,Jessamyn,Sacken,Jessamyn.Sacken@yopmail.com,Jessamyn.Sacken@gmail.com,firefighter
530,Thalia,Israeli,Thalia.Israeli@yopmail.com,Thalia.Israeli@gmail.com,worker
531,Jasmina,Johanna,Jasmina.Johanna@yopmail.com,Jasmina.Johanna@gmail.com,police officer
532,Nannie,Terrence,Nannie.Terrence@yopmail.com,Nannie.Terrence@gmail.com,police officer
533,Chickie,Aldric,Chickie.Aldric@yopmail.com,Chickie.Aldric@gmail.com,firefighter
534,Cyndie,Iaverne,Cyndie.Iaverne@yopmail.com,Cyndie.Iaverne@gmail.com,firefighter
535,Shandie,Korey,Shandie.Korey@yopmail.com,Shandie.Korey@gmail.com,doctor
536,Karlee,Dyche,Karlee.Dyche@yopmail.com,Karlee.Dyche@gmail.com,worker
537,Anica,Harday,Anica.Harday@yopmail.com,Anica.Harday@gmail.com,police officer
538,Arlena,Nunci,Arlena.Nunci@yopmail.com,Arlena.Nunci@gmail.com,firefighter
539,Gavrielle,Hedve,Gavrielle.Hedve@yopmail.com,Gavrielle.Hedve@gmail.com,developer
540,Gwyneth,Trey,Gwyneth.Trey@yopmail.com,Gwyneth.Trey@gmail.com,police officer
541,Selia,Erminia,Selia.Erminia@yopmail.com,Selia.Erminia@gmail.com,firefighter
542,Maye,Gahl,Maye.Gahl@yopmail.com,Maye.Gahl@gmail.com,police officer
543,Hyacinthe,Monaco,Hyacinthe.Monaco@yopmail.com,Hyacinthe.Monaco@gmail.com,firefighter
544,Claudina,Penelopa,Claudina.Penelopa@yopmail.com,Claudina.Penelopa@gmail.com,doctor
545,Viviene,Fontana,Viviene.Fontana@yopmail.com,Viviene.Fontana@gmail.com,worker
546,Merry,Ailyn,Merry.Ailyn@yopmail.com,Merry.Ailyn@gmail.com,doctor
547,Abbie,Gualtiero,Abbie.Gualtiero@yopmail.com,Abbie.Gualtiero@gmail.com,developer
548,Zsa Zsa,Gavrila,Zsa Zsa.Gavrila@yopmail.com,Zsa Zsa.Gavrila@gmail.com,police officer
549,Concettina,Duwalt,Concettina.Duwalt@yopmail.com,Concettina.Duwalt@gmail.com,doctor
550,Alexine,Lamoree,Alexine.Lamoree@yopmail.com,Alexine.Lamoree@gmail.com,developer
551,Shirlee,Lea,Shirlee.Lea@yopmail.com,Shirlee.Lea@gmail.com,doctor
552,Eve,Giule,Eve.Giule@yopmail.com,Eve.Giule@gmail.com,worker
553,Lucille,Creamer,Lucille.Creamer@yopmail.com,Lucille.Creamer@gmail.com,firefighter
554,Sheelagh,Sabella,Sheelagh.Sabella@yopmail.com,Sheelagh.Sabella@gmail.com,worker
555,Verla,Wenda,Verla.Wenda@yopmail.com,Verla.Wenda@gmail.com,developer
556,Katleen,Bollay,Katleen.Bollay@yopmail.com,Katleen.Bollay@gmail.com,worker
557,Atlanta,Mauer,Atlanta.Mauer@yopmail.com,Atlanta.Mauer@gmail.com,police officer
558,Valli,Marden,Valli.Marden@yopmail.com,Valli.Marden@gmail.com,worker
559,Almeta,Grimbly,Almeta.Grimbly@yopmail.com,Almeta.Grimbly@gmail.com,firefighter
560,Gertrud,Harl,Gertrud.Harl@yopmail.com,Gertrud.Harl@gmail.com,police officer
561,Belinda,Hutchison,Belinda.Hutchison@yopmail.com,Belinda.Hutchison@gmail.com,developer
562,Kirbee,Silvan,Kirbee.Silvan@yopmail.com,Kirbee.Silvan@gmail.com,developer
563,Jessy,Eno,Jessy.Eno@yopmail.com,Jessy.Eno@gmail.com,police officer
564,Merci,Morgun,Merci.Morgun@yopmail.com,Merci.Morgun@gmail.com,developer
565,Amara,Ricki,Amara.Ricki@yopmail.com,Amara.Ricki@gmail.com,police officer
566,Rozele,Gordon,Rozele.Gordon@yopmail.com,Rozele.Gordon@gmail.com,worker
567,Maurene,Fennessy,Maurene.Fennessy@yopmail.com,Maurene.Fennessy@gmail.com,worker
568,Elie,Stephie,Elie.Stephie@yopmail.com,Elie.Stephie@gmail.com,police officer
569,Dennie,Norvol,Dennie.Norvol@yopmail.com,Dennie.Norvol@gmail.com,worker
570,Carmencita,Amethist,Carmencita.Amethist@yopmail.com,Carmencita.Amethist@gmail.com,worker
571,Iseabal,Stefa,Iseabal.Stefa@yopmail.com,Iseabal.Stefa@gmail.com,police officer
572,Correy,Candy,Correy.Candy@yopmail.com,Correy.Candy@gmail.com,developer
573,Miquela,Bach,Miquela.Bach@yopmail.com,Miquela.Bach@gmail.com,police officer
574,Peri,Constancy,Peri.Constancy@yopmail.com,Peri.Constancy@gmail.com,doctor
575,Maryellen,Lasley,Maryellen.Lasley@yopmail.com,Maryellen.Lasley@gmail.com,doctor
576,Nanete,Center,Nanete.Center@yopmail.com,Nanete.Center@gmail.com,developer
577,Tiffie,Lane,Tiffie.Lane@yopmail.com,Tiffie.Lane@gmail.com,firefighter
578,Rhoda,Erb,Rhoda.Erb@yopmail.com,Rhoda.Erb@gmail.com,doctor
579,Dede,Bergman,Dede.Bergman@yopmail.com,Dede.Bergman@gmail.com,worker
580,Liana,Beebe,Liana.Beebe@yopmail.com,Liana.Beebe@gmail.com,police officer
581,Leanna,Urania,Leanna.Urania@yopmail.com,Leanna.Urania@gmail.com,developer
582,Sandie,Kannry,Sandie.Kannry@yopmail.com,Sandie.Kannry@gmail.com,doctor
583,Blake,Ledah,Blake.Ledah@yopmail.com,Blake.Ledah@gmail.com,police officer
584,Jackie,Olympium,Jackie.Olympium@yopmail.com,Jackie.Olympium@gmail.com,worker
585,Binny,Erskine,Binny.Erskine@yopmail.com,Binny.Erskine@gmail.com,firefighter
586,Elka,Denis,Elka.Denis@yopmail.com,Elka.Denis@gmail.com,police officer
587,Nicoli,Tippets,Nicoli.Tippets@yopmail.com,Nicoli.Tippets@gmail.com,worker
588,Raquela,Cressida,Raquela.Cressida@yopmail.com,Raquela.Cressida@gmail.com,doctor
589,Lyssa,Truc,Lyssa.Truc@yopmail.com,Lyssa.Truc@gmail.com,doctor
590,Nadine,Deegan,Nadine.Deegan@yopmail.com,Nadine.Deegan@gmail.com,worker
591,Allis,Margret,Allis.Margret@yopmail.com,Allis.Margret@gmail.com,developer
592,Isa,Neva,Isa.Neva@yopmail.com,Isa.Neva@gmail.com,developer
593,Jacenta,Tatianas,Jacenta.Tatianas@yopmail.com,Jacenta.Tatianas@gmail.com,police officer
594,Viki,Faso,Viki.Faso@yopmail.com,Viki.Faso@gmail.com,developer
595,Giustina,Orlene,Giustina.Orlene@yopmail.com,Giustina.Orlene@gmail.com,firefighter
596,Maud,Presber,Maud.Presber@yopmail.com,Maud.Presber@gmail.com,firefighter
597,Lonnie,Adrienne,Lonnie.Adrienne@yopmail.com,Lonnie.Adrienne@gmail.com,police officer
598,Paulita,Weaks,Paulita.Weaks@yopmail.com,Paulita.Weaks@gmail.com,developer
599,Liana,Macey,Liana.Macey@yopmail.com,Liana.Macey@gmail.com,worker
600,Linet,Hoban,Linet.Hoban@yopmail.com,Linet.Hoban@gmail.com,worker
601,Christian,Uund,Christian.Uund@yopmail.com,Christian.Uund@gmail.com,doctor
602,Florencia,Bertold,Florencia.Bertold@yopmail.com,Florencia.Bertold@gmail.com,doctor
603,Chloris,Junie,Chloris.Junie@yopmail.com,Chloris.Junie@gmail.com,developer
604,Dorene,Morgun,Dorene.Morgun@yopmail.com,Dorene.Morgun@gmail.com,developer
605,Danika,Jammal,Danika.Jammal@yopmail.com,Danika.Jammal@gmail.com,worker
606,Heddie,Goode,Heddie.Goode@yopmail.com,Heddie.Goode@gmail.com,doctor
607,Sonni,Boycey,Sonni.Boycey@yopmail.com,Sonni.Boycey@gmail.com,developer
608,Millie,Yoko,Millie.Yoko@yopmail.com,Millie.Yoko@gmail.com,worker
609,Kore,Raffo,Kore.Raffo@yopmail.com,Kore.Raffo@gmail.com,doctor
610,Carmela,Muriel,Carmela.Muriel@yopmail.com,Carmela.Muriel@gmail.com,worker
611,Annaliese,Loring,Annaliese.Loring@yopmail.com,Annaliese.Loring@gmail.com,firefighter
612,Bill,Chobot,Bill.Chobot@yopmail.com,Bill.Chobot@gmail.com,doctor
613,Tersina,Tyson,Tersina.Tyson@yopmail.com,Tersina.Tyson@gmail.com,doctor
614,Melodie,Stilwell,Melodie.Stilwell@yopmail.com,Melodie.Stilwell@gmail.com,firefighter
615,Hermione,Jarib,Hermione.Jarib@yopmail.com,Hermione.Jarib@gmail.com,worker
616,Pollyanna,Christal,Pollyanna.Christal@yopmail.com,Pollyanna.Christal@gmail.com,worker
617,Penelopa,Riva,Penelopa.Riva@yopmail.com,Penelopa.Riva@gmail.com,firefighter
618,Phedra,Sisile,Phedra.Sisile@yopmail.com,Phedra.Sisile@gmail.com,firefighter
619,Merrie,Fitzsimmons,Merrie.Fitzsimmons@yopmail.com,Merrie.Fitzsimmons@gmail.com,firefighter
620,Teriann,Behre,Teriann.Behre@yopmail.com,Teriann.Behre@gmail.com,police officer
621,Millie,Nore,Millie.Nore@yopmail.com,Millie.Nore@gmail.com,police officer
622,Leona,An,Leona.An@yopmail.com,Leona.An@gmail.com,doctor
623,Brooks,Felizio,Brooks.Felizio@yopmail.com,Brooks.Felizio@gmail.com,developer
624,Carmencita,Janene,Carmencita.Janene@yopmail.com,Carmencita.Janene@gmail.com,police officer
625,Katharina,Ioab,Katharina.Ioab@yopmail.com,Katharina.Ioab@gmail.com,doctor
626,Gerianna,Malina,Gerianna.Malina@yopmail.com,Gerianna.Malina@gmail.com,developer
627,Briney,Ader,Briney.Ader@yopmail.com,Briney.Ader@gmail.com,firefighter
628,Wynne,Ogren,Wynne.Ogren@yopmail.com,Wynne.Ogren@gmail.com,police officer
629,Feliza,Taima,Feliza.Taima@yopmail.com,Feliza.Taima@gmail.com,worker
630,Danika,Whiffen,Danika.Whiffen@yopmail.com,Danika.Whiffen@gmail.com,doctor
631,Jordan,Cyrie,Jordan.Cyrie@yopmail.com,Jordan.Cyrie@gmail.com,doctor
632,Orelia,Harriman,Orelia.Harriman@yopmail.com,Orelia.Harriman@gmail.com,developer
633,Hyacinthe,Bigner,Hyacinthe.Bigner@yopmail.com,Hyacinthe.Bigner@gmail.com,firefighter
634,Rhoda,Munn,Rhoda.Munn@yopmail.com,Rhoda.Munn@gmail.com,police officer
635,Carly,Rhu,Carly.Rhu@yopmail.com,Carly.Rhu@gmail.com,developer
636,Deane,Terrence,Deane.Terrence@yopmail.com,Deane.Terrence@gmail.com,doctor
637,Lauryn,Kristi,Lauryn.Kristi@yopmail.com,Lauryn.Kristi@gmail.com,firefighter
638,Collen,Bari,Collen.Bari@yopmail.com,Collen.Bari@gmail.com,developer
639,Jordan,Nickola,Jordan.Nickola@yopmail.com,Jordan.Nickola@gmail.com,worker
640,Annora,Cottle,Annora.Cottle@yopmail.com,Annora.Cottle@gmail.com,developer
641,Carol-Jean,Mallon,Carol-Jean.Mallon@yopmail.com,Carol-Jean.Mallon@gmail.com,police officer
642,Amelia,Carey,Amelia.Carey@yopmail.com,Amelia.Carey@gmail.com,firefighter
643,Letizia,Leary,Letizia.Leary@yopmail.com,Letizia.Leary@gmail.com,doctor
644,Dede,Marsden,Dede.Marsden@yopmail.com,Dede.Marsden@gmail.com,doctor
645,Jordan,Quent,Jordan.Quent@yopmail.com,Jordan.Quent@gmail.com,firefighter
646,Jeanna,Loleta,Jeanna.Loleta@yopmail.com,Jeanna.Loleta@gmail.com,doctor
647,Caritta,Xerxes,Caritta.Xerxes@yopmail.com,Caritta.Xerxes@gmail.com,doctor
648,Elsie,Rheingold,Elsie.Rheingold@yopmail.com,Elsie.Rheingold@gmail.com,doctor
649,Clary,Syd,Clary.Syd@yopmail.com,Clary.Syd@gmail.com,police officer
650,Gisela,Georas,Gisela.Georas@yopmail.com,Gisela.Georas@gmail.com,firefighter
651,Dulcinea,Waldron,Dulcinea.Waldron@yopmail.com,Dulcinea.Waldron@gmail.com,developer
652,Goldie,Ferino,Goldie.Ferino@yopmail.com,Goldie.Ferino@gmail.com,police officer
653,Sue,Kat,Sue.Kat@yopmail.com,Sue.Kat@gmail.com,doctor
654,Donnie,Brotherson,Donnie.Brotherson@yopmail.com,Donnie.Brotherson@gmail.com,worker
655,Carree,Gusella,Carree.Gusella@yopmail.com,Carree.Gusella@gmail.com,worker
656,Patricia,Candy,Patricia.Candy@yopmail.com,Patricia.Candy@gmail.com,doctor
657,Cindelyn,Manolo,Cindelyn.Manolo@yopmail.com,Cindelyn.Manolo@gmail.com,firefighter
658,Lucille,Hessler,Lucille.Hessler@yopmail.com,Lucille.Hessler@gmail.com,worker
659,Chere,Creamer,Chere.Creamer@yopmail.com,Chere.Creamer@gmail.com,police officer
660,Penelopa,Carvey,Penelopa.Carvey@yopmail.com,Penelopa.Carvey@gmail.com,firefighter
661,Delilah,Vary,Delilah.Vary@yopmail.com,Delilah.Vary@gmail.com,police officer
662,Aubrie,Sallyann,Aubrie.Sallyann@yopmail.com,Aubrie.Sallyann@gmail.com,doctor
663,Eve,Standing,Eve.Standing@yopmail.com,Eve.Standing@gmail.com,worker
664,Chere,Arley,Chere.Arley@yopmail.com,Chere.Arley@gmail.com,developer
665,Kirstin,Bord,Kirstin.Bord@yopmail.com,Kirstin.Bord@gmail.com,worker
666,Gui,Friede,Gui.Friede@yopmail.com,Gui.Friede@gmail.com,worker
667,Anica,Terrence,Anica.Terrence@yopmail.com,Anica.Terrence@gmail.com,developer
668,Adore,Shirberg,Adore.Shirberg@yopmail.com,Adore.Shirberg@gmail.com,doctor
669,Janeczka,Toni,Janeczka.Toni@yopmail.com,Janeczka.Toni@gmail.com,developer
670,Sophia,Daveta,Sophia.Daveta@yopmail.com,Sophia.Daveta@gmail.com,worker
671,Priscilla,Oneida,Priscilla.Oneida@yopmail.com,Priscilla.Oneida@gmail.com,police officer
672,Frank,Lemuela,Frank.Lemuela@yopmail.com,Frank.Lemuela@gmail.com,developer
673,Ofilia,Krystle,Ofilia.Krystle@yopmail.com,Ofilia.Krystle@gmail.com,developer
674,Shel,Brady,Shel.Brady@yopmail.com,Shel.Brady@gmail.com,developer
675,Raf,Valerio,Raf.Valerio@yopmail.com,Raf.Valerio@gmail.com,doctor
676,Lexine,Riordan,Lexine.Riordan@yopmail.com,Lexine.Riordan@gmail.com,firefighter
677,Viviene,Cohdwell,Viviene.Cohdwell@yopmail.com,Viviene.Cohdwell@gmail.com,worker
678,Jessy,Sophronia,Jessy.Sophronia@yopmail.com,Jessy.Sophronia@gmail.com,doctor
679,Jessamyn,Felizio,Jessamyn.Felizio@yopmail.com,Jessamyn.Felizio@gmail.com,worker
680,Margarette,Masao,Margarette.Masao@yopmail.com,Margarette.Masao@gmail.com,doctor
681,Adore,Weitman,Adore.Weitman@yopmail.com,Adore.Weitman@gmail.com,developer
682,Evita,Rebecka,Evita.Rebecka@yopmail.com,Evita.Rebecka@gmail.com,developer
683,Millie,Shuler,Millie.Shuler@yopmail.com,Millie.Shuler@gmail.com,doctor
684,Betta,Corilla,Betta.Corilla@yopmail.com,Betta.Corilla@gmail.com,doctor
685,Rani,Fitzsimmons,Rani.Fitzsimmons@yopmail.com,Rani.Fitzsimmons@gmail.com,worker
686,Ann-Marie,Valoniah,Ann-Marie.Valoniah@yopmail.com,Ann-Marie.Valoniah@gmail.com,worker
687,Linet,Felecia,Linet.Felecia@yopmail.com,Linet.Felecia@gmail.com,firefighter
688,Margalo,Carmena,Margalo.Carmena@yopmail.com,Margalo.Carmena@gmail.com,developer
689,Maridel,Adore,Maridel.Adore@yopmail.com,Maridel.Adore@gmail.com,worker
690,Joleen,Edee,Joleen.Edee@yopmail.com,Joleen.Edee@gmail.com,worker
691,Lorie,Ivens,Lorie.Ivens@yopmail.com,Lorie.Ivens@gmail.com,police officer
692,Merry,Middleton,Merry.Middleton@yopmail.com,Merry.Middleton@gmail.com,firefighter
693,Aurelie,Dawkins,Aurelie.Dawkins@yopmail.com,Aurelie.Dawkins@gmail.com,developer
694,Fina,Afton,Fina.Afton@yopmail.com,Fina.Afton@gmail.com,doctor
695,Tera,Beniamino,Tera.Beniamino@yopmail.com,Tera.Beniamino@gmail.com,firefighter
696,Alie,Pettiford,Alie.Pettiford@yopmail.com,Alie.Pettiford@gmail.com,firefighter
697,Tersina,Stilwell,Tersina.Stilwell@yopmail.com,Tersina.Stilwell@gmail.com,worker
698,Karlee,Girardo,Karlee.Girardo@yopmail.com,Karlee.Girardo@gmail.com,developer
699,Joceline,Brian,Joceline.Brian@yopmail.com,Joceline.Brian@gmail.com,doctor
700,Hope,Muriel,Hope.Muriel@yopmail.com,Hope.Muriel@gmail.com,firefighter
701,Beverley,Ingra,Beverley.Ingra@yopmail.com,Beverley.Ingra@gmail.com,developer
702,Sybille,Gaynor,Sybille.Gaynor@yopmail.com,Sybille.Gaynor@gmail.com,developer
703,Caryl,Stuart,Caryl.Stuart@yopmail.com,Caryl.Stuart@gmail.com,firefighter
704,Zia,Ramona,Zia.Ramona@yopmail.com,Zia.Ramona@gmail.com,doctor
705,Henriette,Primalia,Henriette.Primalia@yopmail.com,Henriette.Primalia@gmail.com,developer
706,Patricia,Sigfrid,Patricia.Sigfrid@yopmail.com,Patricia.Sigfrid@gmail.com,firefighter
707,Debee,Greenwald,Debee.Greenwald@yopmail.com,Debee.Greenwald@gmail.com,police officer
708,Jessamyn,Claudine,Jessamyn.Claudine@yopmail.com,Jessamyn.Claudine@gmail.com,firefighter
709,Hyacinthe,Roscoe,Hyacinthe.Roscoe@yopmail.com,Hyacinthe.Roscoe@gmail.com,police officer
710,Elise,Giff,Elise.Giff@yopmail.com,Elise.Giff@gmail.com,developer
711,Alex,Knowling,Alex.Knowling@yopmail.com,Alex.Knowling@gmail.com,police officer
712,Sibella,Chick,Sibella.Chick@yopmail.com,Sibella.Chick@gmail.com,doctor
713,Jordan,Pelagias,Jordan.Pelagias@yopmail.com,Jordan.Pelagias@gmail.com,doctor
714,Kaja,Docilla,Kaja.Docilla@yopmail.com,Kaja.Docilla@gmail.com,police officer
715,Chastity,Belanger,Chastity.Belanger@yopmail.com,Chastity.Belanger@gmail.com,firefighter
716,Sidoney,Himelman,Sidoney.Himelman@yopmail.com,Sidoney.Himelman@gmail.com,doctor
717,Starla,Junie,Starla.Junie@yopmail.com,Starla.Junie@gmail.com,developer
718,Randa,Stuart,Randa.Stuart@yopmail.com,Randa.Stuart@gmail.com,firefighter
719,Adelle,Hoban,Adelle.Hoban@yopmail.com,Adelle.Hoban@gmail.com,firefighter
720,Andeee,Bouchard,Andeee.Bouchard@yopmail.com,Andeee.Bouchard@gmail.com,worker
721,Tierney,Krystle,Tierney.Krystle@yopmail.com,Tierney.Krystle@gmail.com,developer
722,Quintina,Bord,Quintina.Bord@yopmail.com,Quintina.Bord@gmail.com,worker
723,Goldie,Baudin,Goldie.Baudin@yopmail.com,Goldie.Baudin@gmail.com,police officer
724,Ricky,Alcott,Ricky.Alcott@yopmail.com,Ricky.Alcott@gmail.com,developer
725,Charissa,Fadiman,Charissa.Fadiman@yopmail.com,Charissa.Fadiman@gmail.com,police officer
726,Lolita,Nadia,Lolita.Nadia@yopmail.com,Lolita.Nadia@gmail.com,police officer
727,Eolanda,Terrence,Eolanda.Terrence@yopmail.com,Eolanda.Terrence@gmail.com,worker
728,Sashenka,Moseley,Sashenka.Moseley@yopmail.com,Sashenka.Moseley@gmail.com,doctor
729,Jenda,Flita,Jenda.Flita@yopmail.com,Jenda.Flita@gmail.com,doctor
730,Adelle,Judye,Adelle.Judye@yopmail.com,Adelle.Judye@gmail.com,police officer
731,Rozele,Lorenz,Rozele.Lorenz@yopmail.com,Rozele.Lorenz@gmail.com,worker
732,Kirbee,Seligman,Kirbee.Seligman@yopmail.com,Kirbee.Seligman@gmail.com,police officer
733,Cissiee,Cimbura,Cissiee.Cimbura@yopmail.com,Cissiee.Cimbura@gmail.com,firefighter
734,Eve,Edvard,Eve.Edvard@yopmail.com,Eve.Edvard@gmail.com,developer
735,Allis,Kamaria,Allis.Kamaria@yopmail.com,Allis.Kamaria@gmail.com,worker
736,Nicoli,Angelis,Nicoli.Angelis@yopmail.com,Nicoli.Angelis@gmail.com,police officer
737,Claudina,Iphlgenia,Claudina.Iphlgenia@yopmail.com,Claudina.Iphlgenia@gmail.com,worker
738,Charmaine,Anton,Charmaine.Anton@yopmail.com,Charmaine.Anton@gmail.com,police officer
739,Meg,Blase,Meg.Blase@yopmail.com,Meg.Blase@gmail.com,firefighter
740,Dale,Nunci,Dale.Nunci@yopmail.com,Dale.Nunci@gmail.com,firefighter
741,Oona,Concha,Oona.Concha@yopmail.com,Oona.Concha@gmail.com,doctor
742,Shauna,Monk,Shauna.Monk@yopmail.com,Shauna.Monk@gmail.com,doctor
743,Olivette,Blase,Olivette.Blase@yopmail.com,Olivette.Blase@gmail.com,developer
744,Carmela,Fleeta,Carmela.Fleeta@yopmail.com,Carmela.Fleeta@gmail.com,police officer
745,Aubrie,Pandolfi,Aubrie.Pandolfi@yopmail.com,Aubrie.Pandolfi@gmail.com,developer
746,Fred,Cecile,Fred.Cecile@yopmail.com,Fred.Cecile@gmail.com,worker
747,Melanie,Zenas,Melanie.Zenas@yopmail.com,Melanie.Zenas@gmail.com,police officer
748,Kimberley,Graig,Kimberley.Graig@yopmail.com,Kimberley.Graig@gmail.com,doctor
749,Zsa Zsa,Johnsson,Zsa Zsa.Johnsson@yopmail.com,Zsa Zsa.Johnsson@gmail.com,doctor
750,Dacia,Faro,Dacia.Faro@yopmail.com,Dacia.Faro@gmail.com,doctor
751,Rosabelle,Felizio,Rosabelle.Felizio@yopmail.com,Rosabelle.Felizio@gmail.com,firefighter
752,Marline,Yuille,Marline.Yuille@yopmail.com,Marline.Yuille@gmail.com,doctor
753,Zaria,Flita,Zaria.Flita@yopmail.com,Zaria.Flita@gmail.com,worker
754,Riannon,Neva,Riannon.Neva@yopmail.com,Riannon.Neva@gmail.com,worker
755,Lynnea,Astra,Lynnea.Astra@yopmail.com,Lynnea.Astra@gmail.com,firefighter
756,Jemie,Neils,Jemie.Neils@yopmail.com,Jemie.Neils@gmail.com,developer
757,Orelia,Byrne,Orelia.Byrne@yopmail.com,Orelia.Byrne@gmail.com,police officer
758,Rori,Ashok,Rori.Ashok@yopmail.com,Rori.Ashok@gmail.com,firefighter
759,Gertrud,Durware,Gertrud.Durware@yopmail.com,Gertrud.Durware@gmail.com,worker
760,Kylynn,Alva,Kylynn.Alva@yopmail.com,Kylynn.Alva@gmail.com,doctor
761,Beverley,Jefferey,Beverley.Jefferey@yopmail.com,Beverley.Jefferey@gmail.com,worker
762,Deirdre,Durware,Deirdre.Durware@yopmail.com,Deirdre.Durware@gmail.com,firefighter
763,Janey,Virgin,Janey.Virgin@yopmail.com,Janey.Virgin@gmail.com,developer
764,Tonia,Monaco,Tonia.Monaco@yopmail.com,Tonia.Monaco@gmail.com,police officer
765,Pierette,Claudine,Pierette.Claudine@yopmail.com,Pierette.Claudine@gmail.com,developer
766,Brandise,Corrine,Brandise.Corrine@yopmail.com,Brandise.Corrine@gmail.com,developer
767,Dulcinea,Dash,Dulcinea.Dash@yopmail.com,Dulcinea.Dash@gmail.com,doctor
768,Dorice,Bertold,Dorice.Bertold@yopmail.com,Dorice.Bertold@gmail.com,police officer
769,Nita,Wooster,Nita.Wooster@yopmail.com,Nita.Wooster@gmail.com,police officer
770,Meghann,Konyn,Meghann.Konyn@yopmail.com,Meghann.Konyn@gmail.com,worker
771,Antonietta,Adalbert,Antonietta.Adalbert@yopmail.com,Antonietta.Adalbert@gmail.com,worker
772,Aeriela,Noman,Aeriela.Noman@yopmail.com,Aeriela.Noman@gmail.com,firefighter
773,Codie,Anton,Codie.Anton@yopmail.com,Codie.Anton@gmail.com,doctor
774,Catrina,Chandler,Catrina.Chandler@yopmail.com,Catrina.Chandler@gmail.com,firefighter
775,Lucy,Wenoa,Lucy.Wenoa@yopmail.com,Lucy.Wenoa@gmail.com,police officer
776,Nananne,Ehrman,Nananne.Ehrman@yopmail.com,Nananne.Ehrman@gmail.com,firefighter
777,Yvonne,Jenness,Yvonne.Jenness@yopmail.com,Yvonne.Jenness@gmail.com,worker
778,Aeriela,Stevy,Aeriela.Stevy@yopmail.com,Aeriela.Stevy@gmail.com,police officer
779,Maridel,Isidore,Maridel.Isidore@yopmail.com,Maridel.Isidore@gmail.com,developer
780,Elena,Girardo,Elena.Girardo@yopmail.com,Elena.Girardo@gmail.com,doctor
781,Kaja,Infield,Kaja.Infield@yopmail.com,Kaja.Infield@gmail.com,worker
782,Charmaine,Glenden,Charmaine.Glenden@yopmail.com,Charmaine.Glenden@gmail.com,developer
783,Bill,Verger,Bill.Verger@yopmail.com,Bill.Verger@gmail.com,doctor
784,Alyda,Velick,Alyda.Velick@yopmail.com,Alyda.Velick@gmail.com,police officer
785,Vonny,Philoo,Vonny.Philoo@yopmail.com,Vonny.Philoo@gmail.com,firefighter
786,Nananne,Bonilla,Nananne.Bonilla@yopmail.com,Nananne.Bonilla@gmail.com,police officer
787,Marita,Garek,Marita.Garek@yopmail.com,Marita.Garek@gmail.com,developer
788,Ulrike,Kress,Ulrike.Kress@yopmail.com,Ulrike.Kress@gmail.com,developer
789,Mariann,Hathaway,Mariann.Hathaway@yopmail.com,Mariann.Hathaway@gmail.com,worker
790,Glynnis,Nance,Glynnis.Nance@yopmail.com,Glynnis.Nance@gmail.com,doctor
791,Farrah,Milde,Farrah.Milde@yopmail.com,Farrah.Milde@gmail.com,firefighter
792,Ermengarde,Dalli,Ermengarde.Dalli@yopmail.com,Ermengarde.Dalli@gmail.com,police officer
793,Melanie,Brenn,Melanie.Brenn@yopmail.com,Melanie.Brenn@gmail.com,developer
794,Melina,Susannah,Melina.Susannah@yopmail.com,Melina.Susannah@gmail.com,doctor
795,Carlie,Kolnick,Carlie.Kolnick@yopmail.com,Carlie.Kolnick@gmail.com,firefighter
796,Ruthe,Marcellus,Ruthe.Marcellus@yopmail.com,Ruthe.Marcellus@gmail.com,worker
797,Kirstin,Peti,Kirstin.Peti@yopmail.com,Kirstin.Peti@gmail.com,worker
798,Daphne,Arvo,Daphne.Arvo@yopmail.com,Daphne.Arvo@gmail.com,firefighter
799,Merry,Seessel,Merry.Seessel@yopmail.com,Merry.Seessel@gmail.com,doctor
800,Dorthy,Sperling,Dorthy.Sperling@yopmail.com,Dorthy.Sperling@gmail.com,firefighter
801,Ericka,Elvyn,Ericka.Elvyn@yopmail.com,Ericka.Elvyn@gmail.com,worker
802,Georgetta,Zrike,Georgetta.Zrike@yopmail.com,Georgetta.Zrike@gmail.com,firefighter
803,Britte,Heisel,Britte.Heisel@yopmail.com,Britte.Heisel@gmail.com,developer
804,Malina,Blisse,Malina.Blisse@yopmail.com,Malina.Blisse@gmail.com,developer
805,Bobinette,Korey,Bobinette.Korey@yopmail.com,Bobinette.Korey@gmail.com,police officer
806,Nataline,My,Nataline.My@yopmail.com,Nataline.My@gmail.com,doctor
807,Celene,Jeanne,Celene.Jeanne@yopmail.com,Celene.Jeanne@gmail.com,police officer
808,Renae,Vernier,Renae.Vernier@yopmail.com,Renae.Vernier@gmail.com,firefighter
809,Leanna,Larochelle,Leanna.Larochelle@yopmail.com,Leanna.Larochelle@gmail.com,firefighter
810,Wilma,Linskey,Wilma.Linskey@yopmail.com,Wilma.Linskey@gmail.com,developer
811,Farrah,Barbey,Farrah.Barbey@yopmail.com,Farrah.Barbey@gmail.com,firefighter
812,Wilma,Maribeth,Wilma.Maribeth@yopmail.com,Wilma.Maribeth@gmail.com,firefighter
813,Raf,Leler,Raf.Leler@yopmail.com,Raf.Leler@gmail.com,doctor
814,Yolane,Taima,Yolane.Taima@yopmail.com,Yolane.Taima@gmail.com,firefighter
815,Cam,Tarrant,Cam.Tarrant@yopmail.com,Cam.Tarrant@gmail.com,firefighter
816,Agnese,Harday,Agnese.Harday@yopmail.com,Agnese.Harday@gmail.com,police officer
817,Evaleen,Andrel,Evaleen.Andrel@yopmail.com,Evaleen.Andrel@gmail.com,doctor
818,Debee,Thar,Debee.Thar@yopmail.com,Debee.Thar@gmail.com,doctor
819,Inga,Matthew,Inga.Matthew@yopmail.com,Inga.Matthew@gmail.com,worker
820,Candy,Federica,Candy.Federica@yopmail.com,Candy.Federica@gmail.com,worker
821,Amii,Bohlin,Amii.Bohlin@yopmail.com,Amii.Bohlin@gmail.com,developer
822,Ulrike,Lareena,Ulrike.Lareena@yopmail.com,Ulrike.Lareena@gmail.com,worker
823,Genevra,Krystle,Genevra.Krystle@yopmail.com,Genevra.Krystle@gmail.com,worker
824,Karina,Corilla,Karina.Corilla@yopmail.com,Karina.Corilla@gmail.com,firefighter
825,Arlena,Klotz,Arlena.Klotz@yopmail.com,Arlena.Klotz@gmail.com,developer
826,Rosaline,Janith,Rosaline.Janith@yopmail.com,Rosaline.Janith@gmail.com,developer
827,Nelle,Trey,Nelle.Trey@yopmail.com,Nelle.Trey@gmail.com,doctor
828,Larine,Rillings,Larine.Rillings@yopmail.com,Larine.Rillings@gmail.com,firefighter
829,Janis,Klotz,Janis.Klotz@yopmail.com,Janis.Klotz@gmail.com,doctor
830,Alisha,Kelula,Alisha.Kelula@yopmail.com,Alisha.Kelula@gmail.com,developer
831,Glenda,Brackely,Glenda.Brackely@yopmail.com,Glenda.Brackely@gmail.com,firefighter
832,Candy,Pandolfi,Candy.Pandolfi@yopmail.com,Candy.Pandolfi@gmail.com,firefighter
833,Karlee,Sherrie,Karlee.Sherrie@yopmail.com,Karlee.Sherrie@gmail.com,police officer
834,Dominga,Delila,Dominga.Delila@yopmail.com,Dominga.Delila@gmail.com,developer
835,Maridel,Blisse,Maridel.Blisse@yopmail.com,Maridel.Blisse@gmail.com,police officer
836,Cacilie,Ries,Cacilie.Ries@yopmail.com,Cacilie.Ries@gmail.com,developer
837,Modestia,August,Modestia.August@yopmail.com,Modestia.August@gmail.com,worker
838,Goldie,Rhu,Goldie.Rhu@yopmail.com,Goldie.Rhu@gmail.com,firefighter
839,Rayna,Milson,Rayna.Milson@yopmail.com,Rayna.Milson@gmail.com,worker
840,Orsola,Barbey,Orsola.Barbey@yopmail.com,Orsola.Barbey@gmail.com,developer
841,Gusella,Kazimir,Gusella.Kazimir@yopmail.com,Gusella.Kazimir@gmail.com,doctor
842,Ethel,Tiffa,Ethel.Tiffa@yopmail.com,Ethel.Tiffa@gmail.com,firefighter
843,Theodora,Chem,Theodora.Chem@yopmail.com,Theodora.Chem@gmail.com,police officer
844,Ardenia,Fink,Ardenia.Fink@yopmail.com,Ardenia.Fink@gmail.com,developer
845,Edith,Clara,Edith.Clara@yopmail.com,Edith.Clara@gmail.com,worker
846,Helsa,Allys,Helsa.Allys@yopmail.com,Helsa.Allys@gmail.com,police officer
847,Lily,Alfons,Lily.Alfons@yopmail.com,Lily.Alfons@gmail.com,developer
848,Rayna,Hanleigh,Rayna.Hanleigh@yopmail.com,Rayna.Hanleigh@gmail.com,doctor
849,Debee,Center,Debee.Center@yopmail.com,Debee.Center@gmail.com,police officer
850,Tiffie,Carleen,Tiffie.Carleen@yopmail.com,Tiffie.Carleen@gmail.com,doctor
851,Kaia,Talia,Kaia.Talia@yopmail.com,Kaia.Talia@gmail.com,worker
852,Nelle,Peonir,Nelle.Peonir@yopmail.com,Nelle.Peonir@gmail.com,worker
853,Gaylene,Flyn,Gaylene.Flyn@yopmail.com,Gaylene.Flyn@gmail.com,firefighter
854,Hermione,Glenden,Hermione.Glenden@yopmail.com,Hermione.Glenden@gmail.com,police officer
855,Frances,Azeria,Frances.Azeria@yopmail.com,Frances.Azeria@gmail.com,developer
856,Maisey,Willie,Maisey.Willie@yopmail.com,Maisey.Willie@gmail.com,worker
857,Karena,Fiester,Karena.Fiester@yopmail.com,Karena.Fiester@gmail.com,developer
858,Moyna,Fillbert,Moyna.Fillbert@yopmail.com,Moyna.Fillbert@gmail.com,developer
859,Elvira,Harriman,Elvira.Harriman@yopmail.com,Elvira.Harriman@gmail.com,firefighter
860,Hyacinthe,Ellord,Hyacinthe.Ellord@yopmail.com,Hyacinthe.Ellord@gmail.com,worker
861,Vivia,Lalitta,Vivia.Lalitta@yopmail.com,Vivia.Lalitta@gmail.com,worker
862,Jean,Papageno,Jean.Papageno@yopmail.com,Jean.Papageno@gmail.com,firefighter
863,Katuscha,Zaslow,Katuscha.Zaslow@yopmail.com,Katuscha.Zaslow@gmail.com,doctor
864,Dari,Raul,Dari.Raul@yopmail.com,Dari.Raul@gmail.com,worker
865,Jsandye,Suanne,Jsandye.Suanne@yopmail.com,Jsandye.Suanne@gmail.com,developer
866,Ermengarde,Morgun,Ermengarde.Morgun@yopmail.com,Ermengarde.Morgun@gmail.com,firefighter
867,Edith,Ovid,Edith.Ovid@yopmail.com,Edith.Ovid@gmail.com,developer
868,Aaren,Podvin,Aaren.Podvin@yopmail.com,Aaren.Podvin@gmail.com,firefighter
869,Evita,Darrell,Evita.Darrell@yopmail.com,Evita.Darrell@gmail.com,doctor
870,Nannie,Zuzana,Nannie.Zuzana@yopmail.com,Nannie.Zuzana@gmail.com,developer
871,Tina,Weitman,Tina.Weitman@yopmail.com,Tina.Weitman@gmail.com,police officer
872,Janey,Oriana,Janey.Oriana@yopmail.com,Janey.Oriana@gmail.com,police officer
873,Melina,Dorothy,Melina.Dorothy@yopmail.com,Melina.Dorothy@gmail.com,police officer
874,Evaleen,Loring,Evaleen.Loring@yopmail.com,Evaleen.Loring@gmail.com,police officer
875,Jessamyn,Richers,Jessamyn.Richers@yopmail.com,Jessamyn.Richers@gmail.com,worker
876,Jobi,Saint,Jobi.Saint@yopmail.com,Jobi.Saint@gmail.com,worker
877,Janey,Tannie,Janey.Tannie@yopmail.com,Janey.Tannie@gmail.com,firefighter
878,Stacey,Jena,Stacey.Jena@yopmail.com,Stacey.Jena@gmail.com,doctor
879,Joeann,Loeb,Joeann.Loeb@yopmail.com,Joeann.Loeb@gmail.com,doctor
880,Ida,Hylan,Ida.Hylan@yopmail.com,Ida.Hylan@gmail.com,police officer
881,Candy,Tannie,Candy.Tannie@yopmail.com,Candy.Tannie@gmail.com,police officer
882,Flory,Olin,Flory.Olin@yopmail.com,Flory.Olin@gmail.com,developer
883,Lorenza,Camden,Lorenza.Camden@yopmail.com,Lorenza.Camden@gmail.com,developer
884,Sissy,Waite,Sissy.Waite@yopmail.com,Sissy.Waite@gmail.com,police officer
885,Binny,Bobbee,Binny.Bobbee@yopmail.com,Binny.Bobbee@gmail.com,doctor
886,Imojean,Saunderson,Imojean.Saunderson@yopmail.com,Imojean.Saunderson@gmail.com,doctor
887,Daphne,Jalbert,Daphne.Jalbert@yopmail.com,Daphne.Jalbert@gmail.com,doctor
888,Ashlee,Dermott,Ashlee.Dermott@yopmail.com,Ashlee.Dermott@gmail.com,worker
889,Dyann,Ramona,Dyann.Ramona@yopmail.com,Dyann.Ramona@gmail.com,firefighter
890,Sara-Ann,Jerald,Sara-Ann.Jerald@yopmail.com,Sara-Ann.Jerald@gmail.com,doctor
891,Allis,Cornelia,Allis.Cornelia@yopmail.com,Allis.Cornelia@gmail.com,firefighter
892,Heddie,Mozelle,Heddie.Mozelle@yopmail.com,Heddie.Mozelle@gmail.com,police officer
893,Allyce,Idelia,Allyce.Idelia@yopmail.com,Allyce.Idelia@gmail.com,developer
894,Aurelie,Leifeste,Aurelie.Leifeste@yopmail.com,Aurelie.Leifeste@gmail.com,developer
895,Vivia,Maribeth,Vivia.Maribeth@yopmail.com,Vivia.Maribeth@gmail.com,worker
896,Melina,Zitvaa,Melina.Zitvaa@yopmail.com,Melina.Zitvaa@gmail.com,firefighter
897,Sadie,Lutero,Sadie.Lutero@yopmail.com,Sadie.Lutero@gmail.com,doctor
898,Nonnah,Pattin,Nonnah.Pattin@yopmail.com,Nonnah.Pattin@gmail.com,developer
899,Jemie,Mata,Jemie.Mata@yopmail.com,Jemie.Mata@gmail.com,worker
900,Jere,Pauly,Jere.Pauly@yopmail.com,Jere.Pauly@gmail.com,police officer
901,Glenda,Bakerman,Glenda.Bakerman@yopmail.com,Glenda.Bakerman@gmail.com,developer
902,Sara-Ann,Barbey,Sara-Ann.Barbey@yopmail.com,Sara-Ann.Barbey@gmail.com,developer
903,Edee,Ahab,Edee.Ahab@yopmail.com,Edee.Ahab@gmail.com,firefighter
904,Amalie,Myrilla,Amalie.Myrilla@yopmail.com,Amalie.Myrilla@gmail.com,firefighter
905,Ermengarde,Hamil,Ermengarde.Hamil@yopmail.com,Ermengarde.Hamil@gmail.com,doctor
906,Libbie,Nicoline,Libbie.Nicoline@yopmail.com,Libbie.Nicoline@gmail.com,firefighter
907,Janey,Maurine,Janey.Maurine@yopmail.com,Janey.Maurine@gmail.com,firefighter
908,Melodie,Monk,Melodie.Monk@yopmail.com,Melodie.Monk@gmail.com,developer
909,Alisha,Shama,Alisha.Shama@yopmail.com,Alisha.Shama@gmail.com,firefighter
910,Lonnie,Lamoree,Lonnie.Lamoree@yopmail.com,Lonnie.Lamoree@gmail.com,worker
911,Amii,Hertzfeld,Amii.Hertzfeld@yopmail.com,Amii.Hertzfeld@gmail.com,worker
912,Nonnah,Rhu,Nonnah.Rhu@yopmail.com,Nonnah.Rhu@gmail.com,developer
913,Justinn,Zamora,Justinn.Zamora@yopmail.com,Justinn.Zamora@gmail.com,worker
914,Janeczka,Izaak,Janeczka.Izaak@yopmail.com,Janeczka.Izaak@gmail.com,firefighter
915,Hannis,Jillane,Hannis.Jillane@yopmail.com,Hannis.Jillane@gmail.com,firefighter
916,Jacquetta,Jary,Jacquetta.Jary@yopmail.com,Jacquetta.Jary@gmail.com,worker
917,Marti,Cleo,Marti.Cleo@yopmail.com,Marti.Cleo@gmail.com,firefighter
918,Delilah,Tybald,Delilah.Tybald@yopmail.com,Delilah.Tybald@gmail.com,developer
919,Mellicent,Dalli,Mellicent.Dalli@yopmail.com,Mellicent.Dalli@gmail.com,police officer
920,Violet,Weaks,Violet.Weaks@yopmail.com,Violet.Weaks@gmail.com,doctor
921,Gratia,Ax,Gratia.Ax@yopmail.com,Gratia.Ax@gmail.com,worker
922,Jean,Libna,Jean.Libna@yopmail.com,Jean.Libna@gmail.com,doctor
923,Ayn,Graig,Ayn.Graig@yopmail.com,Ayn.Graig@gmail.com,worker
924,Wynne,Roxanna,Wynne.Roxanna@yopmail.com,Wynne.Roxanna@gmail.com,police officer
925,Gilda,Bivins,Gilda.Bivins@yopmail.com,Gilda.Bivins@gmail.com,worker
926,Max,Cecile,Max.Cecile@yopmail.com,Max.Cecile@gmail.com,worker
927,Gisela,Abernon,Gisela.Abernon@yopmail.com,Gisela.Abernon@gmail.com,developer
928,Madalyn,Carmena,Madalyn.Carmena@yopmail.com,Madalyn.Carmena@gmail.com,doctor
929,Liana,Zola,Liana.Zola@yopmail.com,Liana.Zola@gmail.com,doctor
930,Mamie,Beniamino,Mamie.Beniamino@yopmail.com,Mamie.Beniamino@gmail.com,worker
931,Ninnetta,Toffic,Ninnetta.Toffic@yopmail.com,Ninnetta.Toffic@gmail.com,worker
932,Cathyleen,Tacye,Cathyleen.Tacye@yopmail.com,Cathyleen.Tacye@gmail.com,developer
933,Annecorinne,Junie,Annecorinne.Junie@yopmail.com,Annecorinne.Junie@gmail.com,worker
934,Robinia,Pettiford,Robinia.Pettiford@yopmail.com,Robinia.Pettiford@gmail.com,developer
935,Sophia,Bethany,Sophia.Bethany@yopmail.com,Sophia.Bethany@gmail.com,firefighter
936,Myriam,Torray,Myriam.Torray@yopmail.com,Myriam.Torray@gmail.com,firefighter
937,Myrtice,Jaylene,Myrtice.Jaylene@yopmail.com,Myrtice.Jaylene@gmail.com,doctor
938,Laure,Pillsbury,Laure.Pillsbury@yopmail.com,Laure.Pillsbury@gmail.com,police officer
939,Ottilie,Peg,Ottilie.Peg@yopmail.com,Ottilie.Peg@gmail.com,doctor
940,Blondelle,Kat,Blondelle.Kat@yopmail.com,Blondelle.Kat@gmail.com,firefighter
941,Linzy,Mitzi,Linzy.Mitzi@yopmail.com,Linzy.Mitzi@gmail.com,firefighter
942,Wendi,Alisia,Wendi.Alisia@yopmail.com,Wendi.Alisia@gmail.com,police officer
943,Molli,Dunkin,Molli.Dunkin@yopmail.com,Molli.Dunkin@gmail.com,doctor
944,Aurelie,Ackerley,Aurelie.Ackerley@yopmail.com,Aurelie.Ackerley@gmail.com,doctor
945,Almeta,Edvard,Almeta.Edvard@yopmail.com,Almeta.Edvard@gmail.com,developer
946,Cathyleen,Haerr,Cathyleen.Haerr@yopmail.com,Cathyleen.Haerr@gmail.com,firefighter
947,Madalyn,Denis,Madalyn.Denis@yopmail.com,Madalyn.Denis@gmail.com,developer
948,Sybille,Madelene,Sybille.Madelene@yopmail.com,Sybille.Madelene@gmail.com,worker
949,Sue,Katrine,Sue.Katrine@yopmail.com,Sue.Katrine@gmail.com,worker
950,Sandie,Viddah,Sandie.Viddah@yopmail.com,Sandie.Viddah@gmail.com,developer
951,Ricky,Anastatius,Ricky.Anastatius@yopmail.com,Ricky.Anastatius@gmail.com,firefighter
952,Hyacinthe,Marsden,Hyacinthe.Marsden@yopmail.com,Hyacinthe.Marsden@gmail.com,developer
953,Madelle,Mitzi,Madelle.Mitzi@yopmail.com,Madelle.Mitzi@gmail.com,worker
954,Fayre,Weitman,Fayre.Weitman@yopmail.com,Fayre.Weitman@gmail.com,worker
955,Dotty,Latini,Dotty.Latini@yopmail.com,Dotty.Latini@gmail.com,doctor
956,Kayla,Persse,Kayla.Persse@yopmail.com,Kayla.Persse@gmail.com,firefighter
957,Genovera,Raul,Genovera.Raul@yopmail.com,Genovera.Raul@gmail.com,police officer
958,Chandra,Diann,Chandra.Diann@yopmail.com,Chandra.Diann@gmail.com,doctor
959,Mureil,Jefferey,Mureil.Jefferey@yopmail.com,Mureil.Jefferey@gmail.com,doctor
960,Leia,Bultman,Leia.Bultman@yopmail.com,Leia.Bultman@gmail.com,doctor
961,Carlie,Bultman,Carlie.Bultman@yopmail.com,Carlie.Bultman@gmail.com,worker
962,Annice,Chrystel,Annice.Chrystel@yopmail.com,Annice.Chrystel@gmail.com,firefighter
963,Stacey,Rosette,Stacey.Rosette@yopmail.com,Stacey.Rosette@gmail.com,worker
964,Gloria,Ventre,Gloria.Ventre@yopmail.com,Gloria.Ventre@gmail.com,worker
965,Kalina,Yoko,Kalina.Yoko@yopmail.com,Kalina.Yoko@gmail.com,developer
966,Audrie,Aaberg,Audrie.Aaberg@yopmail.com,Audrie.Aaberg@gmail.com,police officer
967,Tierney,Socha,Tierney.Socha@yopmail.com,Tierney.Socha@gmail.com,developer
968,Kathy,Screens,Kathy.Screens@yopmail.com,Kathy.Screens@gmail.com,developer
969,Belva,Ferrell,Belva.Ferrell@yopmail.com,Belva.Ferrell@gmail.com,developer
970,Tybie,Minetta,Tybie.Minetta@yopmail.com,Tybie.Minetta@gmail.com,police officer
971,Suzette,Fulmer,Suzette.Fulmer@yopmail.com,Suzette.Fulmer@gmail.com,police officer
972,Jacquetta,Buffum,Jacquetta.Buffum@yopmail.com,Jacquetta.Buffum@gmail.com,firefighter
973,Heddie,Millda,Heddie.Millda@yopmail.com,Heddie.Millda@gmail.com,worker
974,Addia,Carmena,Addia.Carmena@yopmail.com,Addia.Carmena@gmail.com,doctor
975,Aaren,Thad,Aaren.Thad@yopmail.com,Aaren.Thad@gmail.com,doctor
976,Letizia,Madelene,Letizia.Madelene@yopmail.com,Letizia.Madelene@gmail.com,worker
977,Siana,McLaughlin,Siana.McLaughlin@yopmail.com,Siana.McLaughlin@gmail.com,worker
978,Amelia,O'Neill,Amelia.O'Neill@yopmail.com,Amelia.O'Neill@gmail.com,doctor
979,Feliza,Nikaniki,Feliza.Nikaniki@yopmail.com,Feliza.Nikaniki@gmail.com,doctor
980,Chickie,Reneta,Chickie.Reneta@yopmail.com,Chickie.Reneta@gmail.com,police officer
981,Cacilie,Engdahl,Cacilie.Engdahl@yopmail.com,Cacilie.Engdahl@gmail.com,developer
982,Hallie,Adalbert,Hallie.Adalbert@yopmail.com,Hallie.Adalbert@gmail.com,firefighter
983,Celestyna,Firmin,Celestyna.Firmin@yopmail.com,Celestyna.Firmin@gmail.com,police officer
984,Carolina,Harriman,Carolina.Harriman@yopmail.com,Carolina.Harriman@gmail.com,worker
985,Annora,Bow,Annora.Bow@yopmail.com,Annora.Bow@gmail.com,police officer
986,Marjie,Love,Marjie.Love@yopmail.com,Marjie.Love@gmail.com,police officer
987,Kayla,Rosemary,Kayla.Rosemary@yopmail.com,Kayla.Rosemary@gmail.com,police officer
988,Winny,Egbert,Winny.Egbert@yopmail.com,Winny.Egbert@gmail.com,developer
989,Margalo,Loleta,Margalo.Loleta@yopmail.com,Margalo.Loleta@gmail.com,doctor
990,Helsa,Eldrid,Helsa.Eldrid@yopmail.com,Helsa.Eldrid@gmail.com,developer
991,Agnese,Klemperer,Agnese.Klemperer@yopmail.com,Agnese.Klemperer@gmail.com,police officer
992,Rosene,Means,Rosene.Means@yopmail.com,Rosene.Means@gmail.com,doctor
993,Trudie,Luhe,Trudie.Luhe@yopmail.com,Trudie.Luhe@gmail.com,firefighter
994,Nita,Fry,Nita.Fry@yopmail.com,Nita.Fry@gmail.com,firefighter
995,Belinda,Woodberry,Belinda.Woodberry@yopmail.com,Belinda.Woodberry@gmail.com,developer
996,Cathyleen,Drisko,Cathyleen.Drisko@yopmail.com,Cathyleen.Drisko@gmail.com,firefighter
997,Cherilyn,Isacco,Cherilyn.Isacco@yopmail.com,Cherilyn.Isacco@gmail.com,worker
998,Konstance,Odysseus,Konstance.Odysseus@yopmail.com,Konstance.Odysseus@gmail.com,worker
999,Shannah,Urania,Shannah.Urania@yopmail.com,Shannah.Urania@gmail.com,worker
1000,Robbi,Abram,Robbi.Abram@yopmail.com,Robbi.Abram@gmail.com,developer
1001,Nonnah,Brunell,Nonnah.Brunell@yopmail.com,Nonnah.Brunell@gmail.com,worker
1002,Livvyy,Hazlett,Livvyy.Hazlett@yopmail.com,Livvyy.Hazlett@gmail.com,doctor
1003,Arlena,Seligman,Arlena.Seligman@yopmail.com,Arlena.Seligman@gmail.com,doctor
1004,Elyssa,Duwalt,Elyssa.Duwalt@yopmail.com,Elyssa.Duwalt@gmail.com,police officer
1005,Candy,Uund,Candy.Uund@yopmail.com,Candy.Uund@gmail.com,police officer
1006,Elmira,Flyn,Elmira.Flyn@yopmail.com,Elmira.Flyn@gmail.com,firefighter
1007,Carree,Carleen,Carree.Carleen@yopmail.com,Carree.Carleen@gmail.com,police officer
1008,Lita,Corilla,Lita.Corilla@yopmail.com,Lita.Corilla@gmail.com,doctor
1009,Cordi,Romelda,Cordi.Romelda@yopmail.com,Cordi.Romelda@gmail.com,developer
1010,June,Brieta,June.Brieta@yopmail.com,June.Brieta@gmail.com,firefighter
1011,Emylee,Jorgan,Emylee.Jorgan@yopmail.com,Emylee.Jorgan@gmail.com,firefighter
1012,Lulita,Maisey,Lulita.Maisey@yopmail.com,Lulita.Maisey@gmail.com,worker
1013,Marleah,Manolo,Marleah.Manolo@yopmail.com,Marleah.Manolo@gmail.com,firefighter
1014,Beatriz,Vivle,Beatriz.Vivle@yopmail.com,Beatriz.Vivle@gmail.com,firefighter
1015,Rubie,Winnick,Rubie.Winnick@yopmail.com,Rubie.Winnick@gmail.com,worker
1016,Mallory,Nikaniki,Mallory.Nikaniki@yopmail.com,Mallory.Nikaniki@gmail.com,worker
1017,Judy,Ruvolo,Judy.Ruvolo@yopmail.com,Judy.Ruvolo@gmail.com,doctor
1018,Sherrie,Vanni,Sherrie.Vanni@yopmail.com,Sherrie.Vanni@gmail.com,police officer
1019,Leia,Hewitt,Leia.Hewitt@yopmail.com,Leia.Hewitt@gmail.com,worker
1020,Ruthe,Hourigan,Ruthe.Hourigan@yopmail.com,Ruthe.Hourigan@gmail.com,firefighter
1021,Almeta,Jena,Almeta.Jena@yopmail.com,Almeta.Jena@gmail.com,doctor
1022,Ezmeralda,Primalia,Ezmeralda.Primalia@yopmail.com,Ezmeralda.Primalia@gmail.com,developer
1023,Jobi,Fink,Jobi.Fink@yopmail.com,Jobi.Fink@gmail.com,firefighter
1024,Ida,Thar,Ida.Thar@yopmail.com,Ida.Thar@gmail.com,worker
1025,Lisette,McLaughlin,Lisette.McLaughlin@yopmail.com,Lisette.McLaughlin@gmail.com,doctor
1026,Candy,Cavan,Candy.Cavan@yopmail.com,Candy.Cavan@gmail.com,worker
1027,Dede,Newell,Dede.Newell@yopmail.com,Dede.Newell@gmail.com,doctor
1028,Livvyy,Lattie,Livvyy.Lattie@yopmail.com,Livvyy.Lattie@gmail.com,doctor
1029,Elena,Miru,Elena.Miru@yopmail.com,Elena.Miru@gmail.com,police officer
1030,Dorthy,Kare,Dorthy.Kare@yopmail.com,Dorthy.Kare@gmail.com,worker
1031,Karly,Valoniah,Karly.Valoniah@yopmail.com,Karly.Valoniah@gmail.com,doctor
1032,Carmencita,Moseley,Carmencita.Moseley@yopmail.com,Carmencita.Moseley@gmail.com,firefighter
1033,Brandise,Bevin,Brandise.Bevin@yopmail.com,Brandise.Bevin@gmail.com,firefighter
1034,Gale,Bivins,Gale.Bivins@yopmail.com,Gale.Bivins@gmail.com,doctor
1035,Sue,Laurianne,Sue.Laurianne@yopmail.com,Sue.Laurianne@gmail.com,police officer
1036,Merle,Berriman,Merle.Berriman@yopmail.com,Merle.Berriman@gmail.com,firefighter
1037,Chickie,Barney,Chickie.Barney@yopmail.com,Chickie.Barney@gmail.com,doctor
1038,Goldie,Alejoa,Goldie.Alejoa@yopmail.com,Goldie.Alejoa@gmail.com,developer
1039,Silvana,Center,Silvana.Center@yopmail.com,Silvana.Center@gmail.com,developer
1040,Taffy,Gavrila,Taffy.Gavrila@yopmail.com,Taffy.Gavrila@gmail.com,doctor
1041,Merle,Geffner,Merle.Geffner@yopmail.com,Merle.Geffner@gmail.com,firefighter
1042,Sheree,Chrystel,Sheree.Chrystel@yopmail.com,Sheree.Chrystel@gmail.com,worker
1043,Vivia,Gerge,Vivia.Gerge@yopmail.com,Vivia.Gerge@gmail.com,developer
1044,Annecorinne,Rillings,Annecorinne.Rillings@yopmail.com,Annecorinne.Rillings@gmail.com,doctor
1045,Gusella,Hailee,Gusella.Hailee@yopmail.com,Gusella.Hailee@gmail.com,worker
1046,Brana,Calhoun,Brana.Calhoun@yopmail.com,Brana.Calhoun@gmail.com,worker
1047,Laure,Primalia,Laure.Primalia@yopmail.com,Laure.Primalia@gmail.com,police officer
1048,Ayn,Love,Ayn.Love@yopmail.com,Ayn.Love@gmail.com,firefighter
1049,Rosabelle,Ludewig,Rosabelle.Ludewig@yopmail.com,Rosabelle.Ludewig@gmail.com,police officer
1050,Alejandra,Garbe,Alejandra.Garbe@yopmail.com,Alejandra.Garbe@gmail.com,worker
1051,Sheelagh,Dyche,Sheelagh.Dyche@yopmail.com,Sheelagh.Dyche@gmail.com,firefighter
1052,Vevay,Sancho,Vevay.Sancho@yopmail.com,Vevay.Sancho@gmail.com,police officer
1053,Fawne,Hollingsworth,Fawne.Hollingsworth@yopmail.com,Fawne.Hollingsworth@gmail.com,firefighter
1054,Anthia,August,Anthia.August@yopmail.com,Anthia.August@gmail.com,worker
1055,Vanessa,Argus,Vanessa.Argus@yopmail.com,Vanessa.Argus@gmail.com,developer
1056,Carolina,Terencio,Carolina.Terencio@yopmail.com,Carolina.Terencio@gmail.com,police officer
1057,Ezmeralda,Firmin,Ezmeralda.Firmin@yopmail.com,Ezmeralda.Firmin@gmail.com,doctor
1058,Ileana,Kermit,Ileana.Kermit@yopmail.com,Ileana.Kermit@gmail.com,worker
1059,Audrie,Neva,Audrie.Neva@yopmail.com,Audrie.Neva@gmail.com,developer
1060,Amelia,Dannye,Amelia.Dannye@yopmail.com,Amelia.Dannye@gmail.com,firefighter
1061,Marita,Sinegold,Marita.Sinegold@yopmail.com,Marita.Sinegold@gmail.com,worker
1062,Fernande,Fosque,Fernande.Fosque@yopmail.com,Fernande.Fosque@gmail.com,developer
1063,Michaelina,Weinreb,Michaelina.Weinreb@yopmail.com,Michaelina.Weinreb@gmail.com,firefighter
1064,Alex,Berard,Alex.Berard@yopmail.com,Alex.Berard@gmail.com,police officer
1065,Marcelline,Chauncey,Marcelline.Chauncey@yopmail.com,Marcelline.Chauncey@gmail.com,doctor
1066,Briney,Gaspard,Briney.Gaspard@yopmail.com,Briney.Gaspard@gmail.com,firefighter
1067,Kirbee,Mott,Kirbee.Mott@yopmail.com,Kirbee.Mott@gmail.com,worker
1068,Cathie,Calhoun,Cathie.Calhoun@yopmail.com,Cathie.Calhoun@gmail.com,worker
1069,Jessy,Bultman,Jessy.Bultman@yopmail.com,Jessy.Bultman@gmail.com,developer
1070,Ellette,Sprage,Ellette.Sprage@yopmail.com,Ellette.Sprage@gmail.com,developer
1071,Ilse,Bari,Ilse.Bari@yopmail.com,Ilse.Bari@gmail.com,developer
1072,Fredericka,Decato,Fredericka.Decato@yopmail.com,Fredericka.Decato@gmail.com,worker
1073,Doro,Sigfrid,Doro.Sigfrid@yopmail.com,Doro.Sigfrid@gmail.com,worker
1074,Lorne,Borrell,Lorne.Borrell@yopmail.com,Lorne.Borrell@gmail.com,doctor
1075,Helsa,Emmaline,Helsa.Emmaline@yopmail.com,Helsa.Emmaline@gmail.com,developer
1076,Cindelyn,Duwalt,Cindelyn.Duwalt@yopmail.com,Cindelyn.Duwalt@gmail.com,police officer
1077,Queenie,Faro,Queenie.Faro@yopmail.com,Queenie.Faro@gmail.com,developer
1078,Kary,Weinreb,Kary.Weinreb@yopmail.com,Kary.Weinreb@gmail.com,worker
1079,Sindee,Aldric,Sindee.Aldric@yopmail.com,Sindee.Aldric@gmail.com,firefighter
1080,Constance,Carleen,Constance.Carleen@yopmail.com,Constance.Carleen@gmail.com,worker
1081,Nikki,Erminia,Nikki.Erminia@yopmail.com,Nikki.Erminia@gmail.com,doctor
1082,Evita,Oriana,Evita.Oriana@yopmail.com,Evita.Oriana@gmail.com,police officer
1083,Brooks,Earlie,Brooks.Earlie@yopmail.com,Brooks.Earlie@gmail.com,worker
1084,Chere,Baudin,Chere.Baudin@yopmail.com,Chere.Baudin@gmail.com,worker
1085,Ezmeralda,Cressida,Ezmeralda.Cressida@yopmail.com,Ezmeralda.Cressida@gmail.com,firefighter
1086,Latisha,Flyn,Latisha.Flyn@yopmail.com,Latisha.Flyn@gmail.com,worker
1087,Helena,Chem,Helena.Chem@yopmail.com,Helena.Chem@gmail.com,firefighter
1088,Minne,Cressida,Minne.Cressida@yopmail.com,Minne.Cressida@gmail.com,police officer
1089,Kaia,Thunell,Kaia.Thunell@yopmail.com,Kaia.Thunell@gmail.com,developer
1090,Lanna,Smitt,Lanna.Smitt@yopmail.com,Lanna.Smitt@gmail.com,firefighter
1091,Jany,Laverne,Jany.Laverne@yopmail.com,Jany.Laverne@gmail.com,developer
1092,Ardeen,Jethro,Ardeen.Jethro@yopmail.com,Ardeen.Jethro@gmail.com,worker
1093,Vevay,Weaks,Vevay.Weaks@yopmail.com,Vevay.Weaks@gmail.com,firefighter
1094,Roz,Travax,Roz.Travax@yopmail.com,Roz.Travax@gmail.com,developer
1095,Shaylyn,Rodmann,Shaylyn.Rodmann@yopmail.com,Shaylyn.Rodmann@gmail.com,worker
1096,Elie,Abram,Elie.Abram@yopmail.com,Elie.Abram@gmail.com,firefighter
1097,Lelah,Zola,Lelah.Zola@yopmail.com,Lelah.Zola@gmail.com,developer
1098,Sibella,Slifka,Sibella.Slifka@yopmail.com,Sibella.Slifka@gmail.com,developer
1099,Lynde,Tound,Lynde.Tound@yopmail.com,Lynde.Tound@gmail.com,police officer